id,user_id,sequence_number,session_id,created_at,ip_address,city,state,postal_code,browser,traffic_source,uri,event_type
1348640,,3,c9528d26-f58b-4348-ab4b-f3667f73f24a,08/01/2023 18.08.00,110.86.134.131,Bogatynia,Dolnośląskie,59,Other,YouTube,/cart,cart
1230364,94452,3,7000d2d4-7453-4774-9b9b-143102f12e24,22/04/2021 12.16.45,38.89.15.4,Bogatynia,Dolnośląskie,59,Chrome,Organic,/cart,cart
884216,68085,12,51f45fb6-a294-4f9b-a1a2-bfb4a78a3b8d,24/11/2021 23.19.46,38.95.43.180,Bogatynia,Dolnośląskie,59,Chrome,YouTube,/cart,cart
1436114,,2,203d13f2-e3eb-4bf5-a59c-60ebf6636631,27/08/2019 15.42.00,15.76.149.88,Bogatynia,Dolnośląskie,59,Safari,Facebook,/cart,cart
1129993,86833,4,34aa6857-a76d-46a0-91cb-63f1c68c2576,26/02/2023 14.24.07,143.140.234.226,Bogatynia,Dolnośląskie,59,Safari,Facebook,/cart,cart
884207,68085,3,51f45fb6-a294-4f9b-a1a2-bfb4a78a3b8d,24/11/2021 23.06.27,38.95.43.180,Bogatynia,Dolnośląskie,59,Chrome,YouTube,/cart,cart
1667618,,3,402e9e30-0aa7-413a-8714-c66926176c1d,15/08/2019 8.13.00,78.174.49.186,Bogatynia,Dolnośląskie,59,Chrome,Email,/cart,cart
794334,61030,6,396a0b2d-8e2f-471f-963f-be0989ca28f8,03/12/2019 11.50.50,82.164.106.217,Bogatynia,Dolnośląskie,59,Firefox,Email,/cart,cart
1717277,,2,78fd2215-b870-46e6-8275-ab6e3390192e,20/01/2019 7.35.00,68.243.7.47,Bogatynia,Dolnośląskie,59,Firefox,Adwords,/cart,cart
1351389,,2,7e3070f7-d636-416d-8d29-724684dc73be,23/01/2023 16.41.00,187.86.105.203,Bogatynia,Dolnośląskie,59,Chrome,Organic,/cart,cart
1437996,,2,6240cfc4-5d07-4213-86f9-e141b3ce445a,05/04/2023 5.05.00,13.6.168.123,Bogatynia,Dolnośląskie,59,Chrome,Email,/cart,cart
1123578,86399,3,12a2c663-cf3a-49a6-979e-cbd3c79e0dcf,24/11/2022 15.55.48,45.157.124.111,Bogatynia,Dolnośląskie,59,Chrome,Adwords,/cart,cart
2219668,,3,6575d4d8-c1d6-4acf-b5e0-5fd43ce4445c,13/08/2021 18.59.00,139.143.191.1,Bogatynia,Dolnośląskie,59,Safari,Email,/cart,cart
518822,39792,3,cf73b3b9-4c7e-44f6-b438-477e6f0db7e5,29/10/2022 21.01.28,29.37.121.75,Bogatynia,Dolnośląskie,59,Firefox,YouTube,/cart,cart
1311856,,2,e3b27fea-2271-41f6-a963-fd165cbe4177,14/08/2019 18.51.00,68.255.18.242,Bogatynia,Dolnośląskie,59,Other,Adwords,/cart,cart
1518817,,2,06b6d3ca-bb67-44fe-8265-d7006946f392,01/01/2023 19.26.00,91.104.215.40,Bogatynia,Dolnośląskie,59,Safari,Email,/cart,cart
1941653,,2,04e4c574-a77d-4a30-a5c0-05f8cffd3b3d,11/04/2021 16.29.00,143.14.238.92,Bogatynia,Dolnośląskie,59,Safari,Email,/cart,cart
94051,7179,6,3b39aecd-adaf-4192-b9fa-7e2745da0447,02/05/2022 1.41.30,1.138.252.115,Bogatynia,Dolnośląskie,59,Chrome,Email,/cart,cart
75938,5793,6,4527d3ca-0621-4845-acf3-7966ed59bad4,09/12/2021 8.41.16,193.4.252.155,Bogatynia,Dolnośląskie,59,IE,Adwords,/cart,cart
1082495,83291,3,b55120e5-d124-4ea3-90f3-ccc8cc445a35,08/08/2022 16.23.06,82.179.101.45,Bogatynia,Dolnośląskie,59,Chrome,Adwords,/cart,cart
2062138,,3,e7538e89-731f-4bb4-ae3d-b92c290003ac,01/03/2019 4.02.00,126.98.124.8,Bogatynia,Dolnośląskie,59,IE,Adwords,/cart,cart
1631689,,3,72f0bb0b-003b-4850-b479-4bd7f6d3ccaa,01/05/2019 8.15.00,122.209.71.189,Bogatynia,Dolnośląskie,59,Safari,Email,/cart,cart
748111,57517,3,5f00073e-4954-4797-ab77-5ce6b3a4d6a0,02/07/2023 6.40.12,168.148.173.190,Bogatynia,Dolnośląskie,59,Chrome,Adwords,/cart,cart
1230350,94452,9,227e0542-775b-4bd6-b748-f6c77c0e5624,24/02/2022 9.50.16,192.242.87.4,Bogatynia,Dolnośląskie,59,Chrome,Email,/cart,cart
588752,45351,9,6defc37e-922b-4400-87fb-75387d9251d1,04/09/2022 1.04.55,94.156.242.207,Bogatynia,Dolnośląskie,59,Chrome,Facebook,/cart,cart
1565477,,3,3323729b-6716-4f5e-9032-d9ecbe3be7aa,03/05/2022 1.20.00,99.142.7.211,Bogatynia,Dolnośląskie,59,Chrome,Email,/cart,cart
1145251,87984,6,410b7b73-d0d1-4477-8350-2e13046997a6,18/06/2023 1.51.34,36.22.149.168,Bogatynia,Dolnośląskie,59,Safari,Adwords,/cart,cart
1890789,,2,7fb4f29f-3aff-4278-9eae-600627e5d47d,29/12/2022 9.14.00,167.211.12.73,Bogatynia,Dolnośląskie,59,Chrome,YouTube,/cart,cart
1737285,,3,1dda0e32-21f8-4513-9f54-32762f5875c1,11/05/2021 13.53.00,65.186.83.33,Bogatynia,Dolnośląskie,59,Firefox,Adwords,/cart,cart
2215878,,3,e410a51d-3a50-42e8-ba2c-16fe200c84d4,01/05/2021 10.28.00,103.240.251.78,Bogatynia,Dolnośląskie,59,Safari,Email,/cart,cart
431928,33118,12,eddf1292-78c7-4ae0-896b-25fb9fea6902,03/05/2022 4.54.32,35.130.193.59,Bogatynia,Dolnośląskie,59,IE,Adwords,/cart,cart
588746,45351,3,6defc37e-922b-4400-87fb-75387d9251d1,04/09/2022 0.58.16,94.156.242.207,Bogatynia,Dolnośląskie,59,Chrome,Facebook,/cart,cart
1352334,,3,4ef249e8-e765-4aa1-ba82-da3314773b18,13/05/2022 2.32.00,85.128.14.107,Bogatynia,Dolnośląskie,59,IE,Adwords,/cart,cart
1699024,,2,75b78c2b-7fb0-4f5d-b47c-24187373f74d,12/02/2021 8.10.00,73.18.11.72,Bogatynia,Dolnośląskie,59,Firefox,Organic,/cart,cart
2201185,,2,77bb73c6-30e5-487b-8861-5919f12ead01,13/07/2022 17.21.00,62.135.33.211,Bogatynia,Dolnośląskie,59,Safari,Facebook,/cart,cart
1123631,86399,4,515322fc-e099-4376-bef6-f24b413db144,15/05/2023 15.07.35,11.198.64.41,Bogatynia,Dolnośląskie,59,Safari,YouTube,/cart,cart
75924,5793,4,b5248b78-6bba-4db4-9d35-1dea1c8b7b0f,18/11/2021 5.02.59,171.140.182.117,Bogatynia,Dolnośląskie,59,Safari,Email,/cart,cart
1653221,,3,ee2ba597-5b2c-4475-b452-1f1f39f91c54,15/01/2023 9.23.00,30.82.65.231,Bogatynia,Dolnośląskie,59,Other,YouTube,/cart,cart
748104,57517,6,37c5b324-0af3-45c6-928a-aab6bc4f63e4,02/07/2023 7.58.27,110.83.135.229,Bogatynia,Dolnośląskie,59,Chrome,Facebook,/cart,cart
2159649,,3,b1780acb-2893-46f6-84ed-df7e06855a39,14/06/2021 1.01.00,166.3.123.145,Bogatynia,Dolnośląskie,59,Chrome,Email,/cart,cart
2043942,,3,431c070a-e53c-4309-94c0-3942fb82181a,27/03/2023 6.48.00,50.254.43.9,Bogatynia,Dolnośląskie,59,Chrome,Facebook,/cart,cart
1230296,94452,4,4ceb9768-cac8-49ca-ac7b-9512a08a9d00,06/08/2021 10.53.02,166.171.46.41,Bogatynia,Dolnośląskie,59,Chrome,Adwords,/cart,cart
818148,62894,4,8fe6711d-cb3c-4151-886d-0d505ba1e796,07/12/2022 11.04.12,183.91.53.246,Bogatynia,Dolnośląskie,59,Chrome,YouTube,/cart,cart
1141009,87651,6,8657e559-77a2-4e26-b0d1-0560f023325b,13/05/2023 10.21.21,20.237.224.255,Bogatynia,Dolnośląskie,59,Chrome,Adwords,/cart,cart
1771258,,3,a7b82601-0d08-42e3-a846-a17378c7e13b,15/06/2021 7.14.00,33.176.156.107,Bogatynia,Dolnośląskie,59,Chrome,Email,/cart,cart
884234,68085,4,f7af7d80-aa66-4c35-beab-11ef7ea4603c,11/01/2022 21.35.18,134.62.86.245,Bogatynia,Dolnośląskie,59,Safari,YouTube,/cart,cart
1596893,,3,0c49a972-9335-4bf8-a1b6-207d670e19d1,08/11/2019 1.32.00,16.250.113.147,Bogatynia,Dolnośląskie,59,Safari,Email,/cart,cart
677184,52084,12,014ed5a6-dded-4100-b62b-1d747945c1af,09/04/2021 15.05.05,84.223.254.47,Gorzów Wielkopolski,Lubuskie,66,Other,Email,/cart,cart
1004258,77452,6,5539db50-4e31-486b-ab07-560e67ebe451,27/06/2022 13.38.03,37.112.248.17,Gorzów Wielkopolski,Lubuskie,66,Firefox,Email,/cart,cart
1099259,84553,6,92b78833-98ad-4204-a3fc-5eaa55566c20,21/12/2022 6.10.51,54.138.224.53,Gorzów Wielkopolski,Lubuskie,66,Chrome,Email,/cart,cart
2139947,,3,33ff9720-d08a-40e7-946e-e8987ec69c1a,26/07/2021 13.05.00,166.80.60.163,Gorzów Wielkopolski,Lubuskie,66,Firefox,Adwords,/cart,cart
1004245,77452,3,b3045fa5-ebfb-43f5-afa3-349449c1ab1e,27/06/2022 12.47.58,90.218.252.241,Gorzów Wielkopolski,Lubuskie,66,Firefox,Organic,/cart,cart
1164346,89423,6,28b3aa09-3982-4cbe-b363-0670695bb0c7,11/12/2020 1.24.19,51.177.182.18,Gorzów Wielkopolski,Lubuskie,66,IE,Email,/cart,cart
1393116,,3,dbdb0cf6-9591-46e6-919a-66511319745d,23/03/2019 19.23.00,6.2.3.83,Gorzów Wielkopolski,Lubuskie,66,Chrome,Email,/cart,cart
2193349,,2,f40d4178-5012-4995-b864-afad42de236e,05/12/2021 1.08.00,56.223.86.114,Gorzów Wielkopolski,Lubuskie,66,Chrome,Adwords,/cart,cart
760270,58403,12,587ce451-3dc5-4601-9cd2-ffb757d08e38,02/12/2022 22.02.28,213.218.175.171,Gorzów Wielkopolski,Lubuskie,66,IE,Adwords,/cart,cart
677178,52084,6,014ed5a6-dded-4100-b62b-1d747945c1af,09/04/2021 14.55.56,84.223.254.47,Gorzów Wielkopolski,Lubuskie,66,Other,Email,/cart,cart
185416,14162,4,0bf922ae-941a-4740-b458-de33b757a9ed,01/04/2022 9.44.15,210.3.100.155,Gorzów Wielkopolski,Lubuskie,66,Chrome,Adwords,/cart,cart
906677,69888,4,ac7da269-fa36-442f-bc0d-492988877f1e,17/05/2023 9.08.23,50.236.226.226,Gorzów Wielkopolski,Lubuskie,66,Chrome,Adwords,/cart,cart
1655937,,3,68eb01a3-0b13-449f-97ab-e1d2b5a2196a,18/03/2020 14.07.00,188.202.230.68,Gorzów Wielkopolski,Lubuskie,66,Chrome,Adwords,/cart,cart
2182314,,3,7ae543c6-cfdd-4a2f-9e9a-eb5776965d0d,15/07/2019 7.37.00,132.102.127.240,Gorzów Wielkopolski,Lubuskie,66,Firefox,Adwords,/cart,cart
498120,38261,3,4f00a8a7-aded-4e53-8920-ce29ace690a7,06/04/2023 6.57.28,219.183.216.42,Gorzów Wielkopolski,Lubuskie,66,Chrome,Email,/cart,cart
1994145,,3,b19dabb7-2519-4023-84b1-4d6c2019bfd7,05/02/2023 2.36.00,92.101.49.112,Gorzów Wielkopolski,Lubuskie,66,Firefox,Email,/cart,cart
750249,57664,4,2339c2ac-0e54-42fb-a8cc-c2fa79eafaad,20/08/2022 7.38.43,102.104.7.192,Gorzów Wielkopolski,Lubuskie,66,Safari,Email,/cart,cart
2096491,,3,dabe3b22-843a-4df5-97a0-d049297f45c2,25/12/2022 18.47.00,79.246.82.36,Gorzów Wielkopolski,Lubuskie,66,Firefox,Email,/cart,cart
906066,69820,6,f0ba3081-a435-4d88-83f4-06dafe57ef31,02/10/2021 23.51.49,106.112.199.86,Gorzów Wielkopolski,Lubuskie,66,Chrome,Email,/cart,cart
1828354,,2,3eb9bb35-0529-48ad-be0f-86bc39757e80,15/12/2020 1.59.00,189.163.45.38,Gorzów Wielkopolski,Lubuskie,66,Safari,Adwords,/cart,cart
1503507,,3,114755e4-6942-4ccd-960c-fd2f68c13c47,23/03/2021 6.29.00,109.9.217.133,Gorzów Wielkopolski,Lubuskie,66,Chrome,Email,/cart,cart
1164343,89423,3,28b3aa09-3982-4cbe-b363-0670695bb0c7,11/12/2020 1.17.35,51.177.182.18,Gorzów Wielkopolski,Lubuskie,66,IE,Email,/cart,cart
404218,30963,4,e6a070dd-5832-4abb-a496-2c9ff2626b82,28/11/2022 0.37.59,27.2.196.190,Gorzów Wielkopolski,Lubuskie,66,Firefox,Email,/cart,cart
1646419,,3,3c45119d-26cc-427d-b5fe-ae4bda852035,11/12/2020 19.08.00,37.51.168.71,Gorzów Wielkopolski,Lubuskie,66,Firefox,YouTube,/cart,cart
146285,11223,4,30b7c17f-c06f-4f5a-9dd4-7ecc337ab009,07/10/2022 8.55.18,71.128.165.117,Gorzów Wielkopolski,Lubuskie,66,Chrome,Adwords,/cart,cart
2391183,,3,7f091f7c-f9fe-4f59-bec9-f3d7df8fd989,28/01/2021 0.58.00,182.186.44.100,Gorzów Wielkopolski,Lubuskie,66,Firefox,Organic,/cart,cart
361769,27651,4,8c7d17a6-160c-49cd-b9bc-9e6dfef51189,23/07/2019 4.18.14,91.114.190.77,Gorzów Wielkopolski,Lubuskie,66,Chrome,YouTube,/cart,cart
760309,58403,12,f5f1c16f-c4f5-4e3e-b1c4-16838123076c,02/12/2022 21.49.09,102.155.47.109,Gorzów Wielkopolski,Lubuskie,66,Chrome,Adwords,/cart,cart
1425741,,2,aa887441-52c9-4748-89c6-ca1a4d34c891,02/11/2022 2.54.00,84.228.181.66,Żagań,Lubuskie,68,Chrome,Email,/cart,cart
66954,5135,9,16d4a96f-020b-4e02-bf40-3469525df6bb,01/05/2023 11.32.05,79.229.54.247,Żagań,Lubuskie,68,Safari,Facebook,/cart,cart
595509,45839,4,a5199901-2036-4352-a63b-51a058aea9eb,26/11/2019 23.39.42,196.154.100.88,Żagań,Lubuskie,68,Chrome,Email,/cart,cart
1859576,,3,18f84415-40d9-4cae-bed5-43a69ae69aa5,31/01/2023 3.27.00,82.83.100.222,Żagań,Lubuskie,68,Chrome,Adwords,/cart,cart
1508790,,3,ee2f7f3b-30c4-46fd-89d7-6bb23ad1614f,10/11/2019 10.47.00,155.108.198.31,Żagań,Lubuskie,68,Firefox,Adwords,/cart,cart
207376,15846,6,045580f3-3edf-4f69-b45a-8477a3360fea,05/07/2023 4.19.13,181.38.18.120,Żagań,Lubuskie,68,Chrome,Organic,/cart,cart
1293548,99252,4,bcda3e96-d770-4398-8d3b-10c5f7fa9204,10/10/2021 12.56.58,198.149.90.250,Żagań,Lubuskie,68,Chrome,Email,/cart,cart
2269549,,3,88b649e1-6130-4d82-94d5-97be00e95614,09/08/2022 17.03.00,116.87.102.172,Żagań,Lubuskie,68,Firefox,YouTube,/cart,cart
547407,42011,3,2b303539-1d3f-457c-b6bb-dc00e6c4c684,29/07/2020 8.32.36,178.97.151.20,Ziltendorf,Lubuskie,69,Firefox,Adwords,/cart,cart
547393,42011,3,0c375cc9-ee73-474e-b79b-cb4498957b72,26/08/2021 7.48.22,220.192.52.45,Ziltendorf,Lubuskie,69,Safari,Organic,/cart,cart
79890,6101,4,11eb2872-b991-4fd6-b4ff-691f73f4629b,10/03/2021 5.11.35,183.26.22.115,Ziltendorf,Lubuskie,69,Chrome,Email,/cart,cart
547400,42011,3,bd9bf156-49ea-44f5-b7c1-2cacdb52c1ee,26/08/2021 9.40.14,105.142.145.135,Ziltendorf,Lubuskie,69,Firefox,Email,/cart,cart
2222428,,2,ae0c50d9-e781-4b05-aac7-f0104c1d2ed1,14/09/2022 3.53.00,70.255.10.116,Schwedt/Oder,Zachodniopomorskie,74,Firefox,Email,/cart,cart
999874,77066,3,cab68441-c345-46a4-bd3e-86a1c81ac2b3,20/02/2023 0.33.29,37.109.140.180,Schwedt/Oder,Zachodniopomorskie,74,Chrome,Facebook,/cart,cart
1579173,,3,28b5f2aa-f461-4559-8556-0a533d73ae80,21/01/2020 15.56.00,169.230.183.88,Schwedt/Oder,Zachodniopomorskie,74,Firefox,YouTube,/cart,cart
875010,67381,6,dee56aaf-02e3-4039-9ec1-0243c88872b5,01/06/2023 12.44.54,38.103.63.218,Schwedt/Oder,Zachodniopomorskie,74,Safari,Email,/cart,cart
875003,67381,12,4883ff7b-9cc4-4402-a288-1bce4c04a4b4,01/06/2023 12.40.44,49.39.97.123,Schwedt/Oder,Zachodniopomorskie,74,Chrome,Email,/cart,cart
1727027,,2,cc82d862-57e8-4998-bf73-71faef4be11b,19/06/2023 14.05.00,84.51.135.218,Schwedt/Oder,Zachodniopomorskie,74,Other,Email,/cart,cart
1818320,,3,b578a99e-471f-450b-8628-3c84193f56a0,27/03/2022 4.16.00,173.220.133.252,Schwedt/Oder,Zachodniopomorskie,74,IE,Facebook,/cart,cart
664325,51127,4,b06d2e28-0419-4f5b-8799-5aa84d921767,25/07/2022 3.46.50,110.87.25.107,Schwedt/Oder,Zachodniopomorskie,74,Chrome,Email,/cart,cart
664336,51127,3,603d1000-49c2-4672-800d-2ddd417439eb,09/02/2023 5.13.58,181.234.102.185,Schwedt/Oder,Zachodniopomorskie,74,Other,Email,/cart,cart
874974,67381,9,e1e662f6-ee31-47d4-9e52-b9b95627ee1a,01/06/2023 10.36.42,110.104.118.81,Schwedt/Oder,Zachodniopomorskie,74,Chrome,YouTube,/cart,cart
493849,37936,3,58725267-907f-47be-a953-801fb101ea48,05/01/2023 14.26.03,126.91.243.180,Schwedt/Oder,Zachodniopomorskie,74,Safari,Email,/cart,cart
1766606,,2,e17aa1b4-9307-4f11-814c-c367f7e0acb8,04/09/2019 6.13.00,64.162.225.230,Schwedt/Oder,Zachodniopomorskie,74,Safari,YouTube,/cart,cart
931296,71802,4,272cbd41-e15d-40bf-be52-f9255eff5b5e,14/10/2022 14.09.02,165.140.142.149,Schwedt/Oder,Zachodniopomorskie,74,Chrome,Facebook,/cart,cart
1442183,,3,334d6a7c-6ac0-4675-8314-f822bdd9b2af,15/11/2022 17.03.00,78.133.96.119,Schwedt/Oder,Zachodniopomorskie,74,Chrome,Facebook,/cart,cart
1702974,,2,9d663ff0-2d10-4ada-a3ae-92c70b588177,08/02/2020 12.18.00,211.188.52.227,Schwedt/Oder,Zachodniopomorskie,74,Chrome,Email,/cart,cart
1158571,89004,3,f46eea07-1b85-4d79-bd94-9413ba752d8b,21/12/2021 14.51.34,97.55.186.173,Schwedt/Oder,Zachodniopomorskie,74,Safari,Adwords,/cart,cart
664332,51127,6,e30ae952-6577-441d-9f7e-c477fad4da55,09/02/2023 5.11.46,136.6.164.172,Schwedt/Oder,Zachodniopomorskie,74,Firefox,Email,/cart,cart
2363558,,2,798f76ff-d93d-48b9-8ce2-42ddc8348638,06/11/2022 5.39.00,64.112.162.101,Schwedt/Oder,Zachodniopomorskie,74,Firefox,Adwords,/cart,cart
1401346,,2,9fe45172-13f3-4af1-8a83-e773bb14ee1c,22/05/2021 14.08.00,126.130.179.139,Schwedt/Oder,Zachodniopomorskie,74,Chrome,Email,/cart,cart
1396334,,3,59e1dac2-acde-40e2-a069-84e6fc771fc7,11/11/2020 2.03.00,42.11.211.211,Birmingham,England,B8,Firefox,Email,/cart,cart
246457,18841,9,0e0335ae-9b7c-4692-af99-62c4e3001ce8,01/06/2023 4.36.54,132.69.237.129,Birmingham,England,B8,Chrome,Adwords,/cart,cart
2173680,,3,ec7d8dea-0cb8-4c5d-85c6-7c8a7aa53351,08/06/2020 7.35.00,198.179.56.31,Birmingham,England,B9,Firefox,Adwords,/cart,cart
504335,38708,4,ffb033bc-bfc7-49a2-b0a1-90bcc57cdcc4,13/11/2022 2.26.46,77.168.135.59,Birmingham,England,B9,IE,Email,/cart,cart
504371,38708,9,4298d36c-8046-4ada-839c-7e679c529024,25/12/2022 3.30.59,38.8.54.16,Birmingham,England,B9,Chrome,Facebook,/cart,cart
428768,32860,4,230746df-a84c-46a7-bced-f1a48dd5cb98,06/07/2019 12.29.15,91.118.204.130,Birmingham,England,B9,Chrome,Organic,/cart,cart
2127059,,3,2fe8c0fb-6c58-4f5d-9e13-d7c953865377,14/02/2021 7.17.00,100.226.243.125,London,England,E1,Chrome,Adwords,/cart,cart
2340852,,3,38011849-414a-4544-99ec-f13961473545,11/02/2021 16.04.00,115.83.146.167,London,England,E1,Firefox,Email,/cart,cart
2148154,,3,ad2ff4d3-37ad-4a8f-9e5c-34cd383bcc64,31/08/2021 18.54.00,206.143.119.171,London,England,E1,Chrome,Adwords,/cart,cart
1754501,,2,89c035b5-1baa-47c4-8cc9-ca6b20d5ec0f,15/04/2020 10.56.00,177.208.168.47,London,England,E1,Chrome,Email,/cart,cart
1813418,,3,57f244b3-8783-4482-a2bc-47f530149f60,15/12/2021 17.41.00,16.46.186.95,London,England,E2,Chrome,Adwords,/cart,cart
2028797,,3,e7676c5c-3f08-4cfa-bd02-bfc649fe9d94,19/06/2019 2.21.00,172.26.77.94,London,England,E3,Firefox,Email,/cart,cart
1681311,,2,ac9e9ffa-c4c3-4994-ab48-8aaaa986bc87,15/12/2022 5.27.00,128.17.64.172,London,England,E3,Chrome,YouTube,/cart,cart
711411,54648,12,4cc8eb76-a0c7-44fa-870a-297e6ba26035,30/05/2023 15.09.33,112.61.192.159,London,England,E4,Firefox,Adwords,/cart,cart
711398,54648,12,4fb070b0-d041-48e6-96c5-268d25d3a885,30/05/2023 13.22.49,129.13.251.156,London,England,E4,Safari,Adwords,/cart,cart
711424,54648,12,8796891c-6bac-46c0-b955-a35e3d82163b,30/05/2023 12.55.19,57.36.3.136,London,England,E4,Firefox,Email,/cart,cart
711421,54648,9,8796891c-6bac-46c0-b955-a35e3d82163b,30/05/2023 12.50.21,57.36.3.136,London,England,E4,Firefox,Email,/cart,cart
1063954,81968,9,43b05a8c-1ef8-4b1a-9ffb-45a41622484d,04/07/2023 13.01.44,53.77.35.246,London,England,E4,Safari,Email,/cart,cart
711379,54648,6,3ee9d8ff-13bd-4dfb-ac75-3bcf174dd347,30/05/2023 12.05.28,84.136.95.46,London,England,E4,Safari,Adwords,/cart,cart
711392,54648,6,4fb070b0-d041-48e6-96c5-268d25d3a885,30/05/2023 13.11.50,129.13.251.156,London,England,E4,Safari,Adwords,/cart,cart
2311318,,2,1762326a-7d77-43c7-b820-9aaceded6d4f,10/06/2019 3.02.00,112.78.63.144,London,England,E5,Chrome,Email,/cart,cart
2238397,,2,0236ca24-7142-4700-9823-b1c1f65c0218,02/11/2021 3.13.00,1.33.242.133,London,England,E5,Chrome,Email,/cart,cart
2235023,,3,8f4ed645-8af7-44cd-858e-92da5158e476,05/10/2021 16.52.00,23.155.170.168,London,England,E5,Safari,Adwords,/cart,cart
2357834,,3,6bf7db5f-7239-402f-b438-58b6c2421b5d,16/06/2021 2.48.00,98.92.56.63,London,England,E6,Chrome,Email,/cart,cart
2351957,,3,d85342a8-e827-4627-b57d-461c1674d5a7,23/12/2021 15.50.00,154.77.126.175,London,England,E6,Safari,Facebook,/cart,cart
2261422,,2,dd1637b9-7851-4d18-a71c-7ee7f44ed200,13/05/2020 14.59.00,202.197.102.86,London,England,E7,Chrome,Adwords,/cart,cart
1682795,,2,a9d03ea4-69ca-4a61-bc8a-f04b2b476b35,04/06/2021 8.08.00,159.218.120.13,London,England,E8,Chrome,Email,/cart,cart
1610830,,3,b751c8dd-3a4c-47bb-ae6f-373b8b8533e2,16/01/2020 2.34.00,76.252.189.146,London,England,E8,Chrome,Organic,/cart,cart
311946,23892,3,3c745f63-ab26-4e93-9758-2ae3d9040e32,12/01/2023 8.01.26,180.29.198.48,London,England,E9,Safari,Adwords,/cart,cart
641987,49434,6,b6d14ea4-2a1e-411b-81f6-f44f3cae60f7,06/05/2023 4.59.20,53.82.126.102,Liverpool,England,L4,Chrome,Email,/cart,cart
641954,49434,12,3425faa3-6ae6-4e30-93f2-ac7ea22203e4,06/05/2023 4.57.21,101.97.135.188,Liverpool,England,L4,Chrome,Email,/cart,cart
641974,49434,6,766ce9f1-1be6-4921-963a-9546f687af18,06/05/2023 3.25.13,38.235.34.144,Liverpool,England,L4,Safari,Email,/cart,cart
641977,49434,9,766ce9f1-1be6-4921-963a-9546f687af18,06/05/2023 3.28.56,38.235.34.144,Liverpool,England,L4,Safari,Email,/cart,cart
2364031,,3,860eb1fe-d16b-4f70-a629-3c594b4cc4a3,20/04/2019 7.20.00,93.194.124.131,Liverpool,England,L8,Firefox,Organic,/cart,cart
1799451,,3,b1067a39-260c-4f02-a01e-c0bade748747,17/05/2019 8.37.00,132.234.189.137,Liverpool,England,L9,Chrome,Facebook,/cart,cart
139829,10710,4,88eba35d-3174-4c5e-9d59-382955e359b0,21/06/2023 6.33.28,34.161.137.197,Liverpool,England,L9,Safari,Adwords,/cart,cart
928268,71547,3,f74eccb5-5f72-4c3b-8dec-cfacf800a132,14/02/2023 2.08.05,211.96.26.17,Salford,England,M6,Chrome,Email,/cart,cart
1454996,,2,6adfd12f-49ad-48a6-8022-ef2585e9104e,21/08/2021 7.39.00,79.192.115.144,Salford,England,M7,Chrome,Email,/cart,cart
394374,30221,6,15c851f0-c0de-4f93-aaa4-fa2d42d86e4c,22/04/2020 2.55.29,138.164.249.38,Manchester,England,M9,Safari,Email,/cart,cart
2427076,,3,f5239bcc-57d7-4cbf-9a96-16102e6175ba,12/01/2021 3.09.00,58.97.161.54,London,England,N1,Safari,Email,/cart,cart
135979,10368,6,8efb1af6-33c4-4655-9ca7-1567316dd8ef,04/12/2022 11.40.29,203.130.88.240,London,England,N3,Chrome,Facebook,/cart,cart
1737459,,3,f11039e7-a86f-4248-9d59-bcf85279d2fd,22/02/2020 9.16.00,6.209.106.215,London,England,N3,Chrome,Facebook,/cart,cart
1635833,,2,4101077e-6971-456b-b5d0-3a15ecf6592a,18/08/2022 10.01.00,7.1.219.70,London,England,N3,Firefox,Adwords,/cart,cart
2304135,,3,2e2e14e0-efbf-4e07-849b-bbe5178623a3,23/10/2019 13.31.00,149.110.73.127,London,England,N4,Firefox,YouTube,/cart,cart
1903350,,3,777e302f-67c1-4382-b13c-449a5036a081,16/04/2020 16.01.00,33.140.102.111,London,England,N7,Chrome,Adwords,/cart,cart
2139127,,3,10bfb8ee-fed6-48d6-846f-3da16f4c1329,04/09/2022 6.05.00,61.186.68.88,London,England,N8,Safari,Facebook,/cart,cart
1232295,94579,6,5f6ff771-9bd3-43c5-ade6-e1211c3d5b58,10/08/2022 8.52.14,161.249.197.141,London,England,N8,Chrome,Adwords,/cart,cart
1700201,,2,4a3aafce-8c3f-4baa-8cdc-133b2581b2dd,10/04/2020 6.24.00,125.222.67.214,London,England,N9,Chrome,Email,/cart,cart
869311,66973,9,a2b828d3-b3a7-4bb3-8640-11adf37f5c4d,06/09/2021 6.12.49,186.114.198.92,London,England,N9,Firefox,YouTube,/cart,cart
869295,66973,3,a90e4e2f-7887-4b9d-b9ba-ce5c40434e84,06/09/2021 4.03.13,11.2.45.113,London,England,N9,Chrome,Email,/cart,cart
1809567,,2,2e1389ac-cfd5-4500-a7cd-6ef02b505ab8,19/01/2020 12.59.00,133.181.187.230,Sheffield,England,S2,Chrome,Email,/cart,cart
1796787,,2,53159e1f-aec1-4b39-9d95-913faed3703a,13/11/2022 12.52.00,24.137.49.143,Sheffield,England,S5,Chrome,Email,/cart,cart
1082610,83296,3,e640af80-6f7d-4097-83e6-950b574b5d8c,24/02/2023 6.59.18,208.219.134.218,Sheffield,England,S5,Chrome,Adwords,/cart,cart
1082617,83296,3,05304e5a-7aad-4445-a82b-56193c15c1d3,24/02/2023 7.34.45,88.146.45.246,Sheffield,England,S5,Chrome,Email,/cart,cart
165611,12679,3,a2a39789-963f-4497-8360-54083a4a95bd,03/02/2023 6.16.39,202.213.35.242,Sheffield,England,S5,Chrome,Email,/cart,cart
1082587,83296,6,99823cad-048c-4916-9314-bb9b798d33bd,16/11/2021 5.51.52,59.97.141.243,Sheffield,England,S5,Chrome,Adwords,/cart,cart
165621,12679,3,b339bf31-b007-40f8-85da-9f0ce089a102,03/02/2023 7.59.10,69.215.83.126,Sheffield,England,S5,Chrome,Adwords,/cart,cart
2362855,,3,0df5c6bd-a0b1-4cbe-af90-c64bf3125747,14/11/2020 17.40.00,81.246.139.13,Sheffield,England,S5,Chrome,Facebook,/cart,cart
1131612,86959,3,ad2d9bbd-8f7f-4319-8cb7-a43c0e921634,25/07/2021 2.26.18,118.111.211.180,Sheffield,England,S6,Chrome,Facebook,/cart,cart
2398868,,3,328bcc16-9582-4842-8e13-2c2117ce2f73,05/03/2022 18.44.00,206.141.32.211,Sheffield,England,S6,Chrome,Adwords,/cart,cart
243159,18607,6,93be1cc8-f052-46c0-a657-32a3f01b1405,27/06/2023 10.45.10,217.59.250.215,Sheffield,England,S8,Safari,Email,/cart,cart
210402,16064,3,660370e3-c483-4bf7-984e-d207543e1a40,12/12/2021 13.42.32,38.189.196.241,Sheffield,England,S8,Chrome,Email,/cart,cart
1354057,,2,6092ebd9-46c8-4d81-96ee-c2b9e82038d3,11/02/2022 10.42.00,160.163.127.211,Sheffield,England,S8,Chrome,YouTube,/cart,cart
1796010,,3,7cfef4ab-0196-406f-9029-6f15e935c927,16/05/2023 3.33.00,50.184.79.96,Sheffield,England,S9,Other,YouTube,/cart,cart
156993,12004,9,4da2a8b5-60ff-4138-8463-b06dcf7494b1,13/05/2023 2.26.07,25.242.206.221,Sheffield,England,S9,Safari,Adwords,/cart,cart
156974,12004,3,7b5a50ba-d706-484a-afe2-826040f8bc2b,13/05/2023 2.52.46,183.28.116.113,Sheffield,England,S9,Firefox,Email,/cart,cart
2265239,,2,00824d0a-1a94-4eff-83f0-6efa58ee6c62,17/09/2021 5.00.00,163.105.53.53,London,England,W2,Chrome,YouTube,/cart,cart
2414017,,3,1a45f96f-17ff-425b-8f34-fcaff00acadc,25/02/2019 9.55.00,118.237.95.44,London,England,W3,Safari,Email,/cart,cart
688379,52902,9,5cd0d429-54b8-40d3-b01b-644db075946f,19/12/2022 14.58.06,169.75.58.80,London,England,W3,Firefox,Email,/cart,cart
1382357,,2,6df78c03-4a21-4cd4-9c45-316d6f5850f4,02/09/2021 11.29.00,129.254.205.31,London,England,W3,Chrome,Adwords,/cart,cart
688389,52902,6,8fc1befb-9c56-43b8-aa39-ce4e80733a15,19/12/2022 17.15.42,99.149.139.240,London,England,W3,Chrome,YouTube,/cart,cart
2035198,,3,1b2d36c7-add3-465f-8fd4-d0dcc40342e5,10/09/2022 18.48.00,170.96.22.186,London,England,W4,Chrome,Adwords,/cart,cart
223424,17122,3,3e2b7344-6d28-4691-85ff-0052afe1ef00,04/05/2023 9.49.11,9.213.214.205,London,England,W4,Chrome,Facebook,/cart,cart
2217768,,3,4a3c1e26-f244-4758-a364-743a558dfa0e,18/12/2019 2.10.00,11.153.224.156,London,England,W4,Safari,Adwords,/cart,cart
2241550,,2,3b5a0f52-1cc1-4a66-8d98-10ca510de4d6,26/06/2023 9.39.00,112.140.218.130,London,England,W5,Chrome,Email,/cart,cart
1478521,,2,3d1e99c6-9c89-40bc-bceb-309edebe74e6,01/12/2020 11.03.00,201.211.141.141,London,England,W5,Safari,Email,/cart,cart
468526,35978,4,fe493f77-d14e-4db4-acee-7f259e754eb9,15/05/2022 4.36.18,148.127.36.137,London,England,W6,Firefox,Adwords,/cart,cart
1934424,,3,11ff0842-e4d4-4323-a85a-aff83b246ff8,18/04/2023 18.57.00,70.112.130.48,London,England,W6,Safari,YouTube,/cart,cart
2006021,,2,02fd0378-f079-4e6f-91c4-72b342f519de,19/11/2022 13.04.00,100.63.196.13,London,England,W7,Chrome,Email,/cart,cart
2182230,,2,dde496cf-4987-412e-8b14-bff9aa39e5ac,21/03/2021 5.16.00,56.202.103.215,London,England,W7,Chrome,Adwords,/cart,cart
2394034,,3,fb3bfc0f-d3bb-4738-a333-5c54cc95f982,09/06/2020 6.55.00,72.161.152.95,London,England,W7,Firefox,Adwords,/cart,cart
1707069,,3,a6ec9d07-1be2-4d27-99c3-ac154d367ca8,05/11/2022 3.14.00,207.201.209.52,London,England,W9,Chrome,Email,/cart,cart
1563206,,2,c8a5d731-425b-4a3e-bfaa-b5e897799158,17/08/2022 4.17.00,21.239.41.40,East Arnhem,Northern Territory,822,Firefox,YouTube,/cart,cart
675836,51976,6,99be8d2e-5c97-4d89-97f2-302d0cdd8470,25/07/2021 8.38.24,23.174.19.226,East Arnhem,Northern Territory,822,Other,Facebook,/cart,cart
853727,65736,6,a8298045-30f2-4f88-a38a-c6f0778ae441,05/06/2022 11.15.01,66.201.139.169,Shoal Bay,Northern Territory,830,Chrome,Email,/cart,cart
853724,65736,3,a8298045-30f2-4f88-a38a-c6f0778ae441,05/06/2022 11.11.54,66.201.139.169,Shoal Bay,Northern Territory,830,Chrome,Email,/cart,cart
962364,74270,6,3efe630d-b219-4c4f-b5ee-d429c1e1967e,26/08/2019 13.31.09,52.231.235.239,Mitchell,Northern Territory,832,Safari,YouTube,/cart,cart
1785057,,3,f5719824-1623-4092-a7d8-adb35d662cfc,27/08/2019 14.28.00,157.69.124.72,Cossack,Northern Territory,850,Other,Email,/cart,cart
1684818,,2,1d352103-43d4-46e7-affc-a0b0a2fa5a91,24/09/2022 19.17.00,103.41.182.36,Cossack,Northern Territory,850,IE,Email,/cart,cart
2409310,,3,ecba5d77-b28b-4da2-afa5-175da611a8a7,05/09/2021 4.41.00,157.66.34.78,Alice Springs,Northern Territory,870,Safari,Facebook,/cart,cart
2397445,,2,c0e96788-8472-43ef-abe7-0d25ffd821d4,21/04/2022 6.49.00,40.197.37.150,St Albans,England,AL1,Firefox,Facebook,/cart,cart
1520432,,3,a3564fb8-0fac-49f8-8f54-224786c67059,08/01/2019 8.45.00,9.207.161.46,St Albans,England,AL1,Firefox,Email,/cart,cart
1116475,85895,4,40cc815e-8684-4b79-b384-c1d8138cd89c,01/05/2023 9.57.01,194.121.183.154,St Albans,England,AL3,Safari,Adwords,/cart,cart
2066623,,2,103f7e33-dd78-461b-ada7-3055a8a2e77a,18/06/2021 19.07.00,172.78.229.3,Harpenden,England,AL5,Firefox,Email,/cart,cart
2407385,,2,5a866112-c559-4fca-8982-c1af152d51ab,21/12/2021 13.27.00,28.223.209.2,Harpenden,England,AL5,Chrome,Adwords,/cart,cart
1950178,,3,4ae7707b-8efe-4ea7-8929-3894565a91b9,09/09/2021 15.05.00,163.172.71.123,Birmingham,England,B10,Chrome,Adwords,/cart,cart
1265127,96975,6,13aa6f47-4954-429a-a2c6-eb238cabd89f,01/07/2023 8.58.22,35.50.20.20,Birmingham,England,B10,Safari,Email,/cart,cart
997322,76858,4,4f9d8033-89c8-449a-bffc-be76554ef09b,20/05/2022 10.40.59,159.175.147.56,Birmingham,England,B11,Chrome,Facebook,/cart,cart
1068178,82260,4,27ed0645-5737-4b7c-ae7b-ad6f4f00ce3c,07/02/2021 11.55.08,131.160.170.3,Birmingham,England,B14,Chrome,YouTube,/cart,cart
1310841,,3,e29e7bd2-b1f8-4ad5-8ebf-bc0df1033501,08/04/2022 2.51.00,152.40.233.223,Birmingham,England,B20,Safari,Adwords,/cart,cart
1225148,94034,4,ab69f674-b8ad-4223-9d66-8b590fdefc20,11/01/2023 10.26.05,140.78.98.82,Birmingham,England,B20,Chrome,Adwords,/cart,cart
2009782,,3,91e30aa2-3a96-4a3c-add3-120f0518cef5,27/03/2022 19.17.00,86.62.112.219,Birmingham,England,B23,Chrome,Email,/cart,cart
2069307,,3,ba6d69a9-81d4-4ff7-aae7-e35929ab05ec,25/10/2020 4.21.00,105.94.75.35,Birmingham,England,B28,Chrome,YouTube,/cart,cart
1118633,86065,6,f5f07040-3d22-4d64-82b5-2ea60eca5bc1,24/11/2022 2.06.00,223.109.191.142,Birmingham,England,B29,Firefox,Adwords,/cart,cart
732233,56246,3,b77cf8ed-66e9-4ac7-a952-b15656e123bb,26/05/2023 3.15.23,1.26.97.206,Birmingham,England,B29,Chrome,Email,/cart,cart
2110542,,3,32f35d64-d703-423b-887a-68989ce83d3d,08/04/2022 5.09.00,184.249.166.208,Birmingham,England,B29,Firefox,YouTube,/cart,cart
1118604,86065,3,ee842804-effe-48ef-a89a-f0615cf5710d,24/11/2022 0.59.39,144.118.239.13,Birmingham,England,B29,Safari,Email,/cart,cart
2316189,,2,2da88ab2-4ab1-4ff5-a44a-1307515d3374,30/01/2020 10.27.00,33.235.35.203,Birmingham,England,B29,Chrome,Facebook,/cart,cart
1697303,,2,afd3acda-8710-45c8-bc0e-4bdc023dcc72,08/01/2023 4.43.00,211.62.55.27,Birmingham,England,B31,Chrome,Email,/cart,cart
2341874,,3,c440f967-c6b2-4d61-9408-5cef6ee8c174,26/05/2021 17.28.00,97.149.45.114,Birmingham,England,B33,Chrome,Adwords,/cart,cart
1932575,,3,9d632824-7b64-4593-ac03-afb8ea1df204,14/08/2019 14.24.00,154.96.80.16,Birmingham,England,B33,Chrome,Email,/cart,cart
1552144,,3,35a4a1c4-439a-44da-9956-e1014ef05bdd,07/03/2019 9.12.00,73.204.53.177,Birmingham,England,B33,Chrome,Adwords,/cart,cart
827924,63718,3,b34890a6-b131-420b-b69e-43d1ac48aa82,27/06/2023 22.30.18,80.211.129.1,Birmingham,England,B33,Chrome,Email,/cart,cart
1219573,93618,12,ebc0bf54-9296-43ff-81a9-e356c42974a5,15/09/2022 10.44.08,113.111.250.199,Birmingham,England,B43,Chrome,Adwords,/cart,cart
2015514,,3,97a5f8f6-7222-48f9-a097-3cc0cba1524e,24/04/2019 0.59.00,83.131.178.116,Birmingham,England,B43,Chrome,Email,/cart,cart
1446238,,3,feec8909-0edd-41c0-886e-eea8b30217cc,16/06/2020 10.16.00,121.97.208.106,Rubery,England,B45,Firefox,Email,/cart,cart
411156,31469,3,fb198e57-5282-4c33-b70e-9da414d5222d,30/01/2022 10.14.36,76.221.91.193,Halesowen,England,B62,Chrome,YouTube,/cart,cart
53148,4097,6,6a7c6a2b-4dd8-49f2-ad94-897b956c31fe,12/04/2022 12.34.04,166.110.113.40,Halesowen,England,B62,Safari,Email,/cart,cart
1084342,83442,4,5a6310c7-baf6-49e4-a981-5512d33b622c,03/02/2023 1.40.40,107.111.219.46,Halesowen,England,B63,Firefox,Facebook,/cart,cart
1997603,,2,b889cdc8-bb2c-43c1-ae51-e0a2c47c2afe,29/09/2021 0.33.00,175.7.97.130,Halesowen,England,B63,Chrome,Email,/cart,cart
1084337,83442,4,2c79d84d-feec-4716-87cd-320f7e13aed5,12/03/2020 3.44.41,1.230.207.20,Halesowen,England,B63,Chrome,Email,/cart,cart
1160912,89182,3,25c1767c-2e36-4784-8601-fedc2586f251,28/05/2023 2.05.16,75.251.150.130,Smethwick,England,B66,Chrome,Email,/cart,cart
251898,19250,12,6770ce00-8457-4bf6-9993-b9746a594c2b,23/06/2023 9.39.26,116.137.226.248,Smethwick,England,B66,Safari,YouTube,/cart,cart
465283,35732,6,4d9bb94b-4a8a-4beb-8c94-2126c71ed86a,01/02/2023 1.08.50,92.174.65.83,Smethwick,England,B67,Firefox,Adwords,/cart,cart
1840326,,3,08d77adb-1691-45a5-a6f8-4d92a60cdd5c,07/01/2021 16.07.00,193.63.160.124,Oldbury,England,B69,Chrome,Adwords,/cart,cart
2398925,,3,3d0b2bc6-2f46-4499-872b-b85e252b2d70,03/12/2021 7.26.00,97.65.159.155,West Bromwich,England,B71,Chrome,Facebook,/cart,cart
2153740,,2,54a61570-0db1-4e4c-984d-f17e3b0ceb0a,15/05/2019 4.19.00,197.190.20.110,West Bromwich,England,B71,Chrome,Email,/cart,cart
1811369,,3,f2f2a062-6e2c-4d5e-97d5-ff7c7cbc41f5,03/05/2019 8.11.00,13.169.94.64,Tamworth,England,B77,Firefox,Email,/cart,cart
1823418,,2,e386bf58-28af-41ef-b045-6b6246590463,23/06/2021 13.48.00,14.229.251.193,Dordon,England,B78,Firefox,Email,/cart,cart
1150720,88405,3,b9c7912d-c740-4da7-a9a8-052e6ba34ce0,26/10/2022 9.02.12,147.208.74.172,Dordon,England,B78,Chrome,YouTube,/cart,cart
2186867,,2,bc8a25fb-f538-4b23-98b3-290318a3bfd6,23/12/2019 13.49.00,216.159.129.182,Shirley,England,B90,Safari,YouTube,/cart,cart
161034,12304,3,8246a3d7-94a6-4d65-ab0b-9b03febaedb5,27/12/2021 9.59.48,25.28.238.157,Shirley,England,B90,Chrome,Email,/cart,cart
1035452,79797,12,11857095-e02e-4f38-86d5-c485237e6537,21/08/2022 0.33.03,183.83.163.209,Shirley,England,B90,Safari,Adwords,/cart,cart
849502,65404,4,b9eaa8fb-cae6-4603-98bb-4ae7562c1734,17/08/2020 14.39.24,211.191.52.157,Solihull,England,B91,Firefox,Adwords,/cart,cart
1074006,82686,9,d3828643-9660-4a52-bb7e-2cd4967798b7,25/02/2023 23.59.50,222.156.173.211,Solihull,England,B92,Chrome,Adwords,/cart,cart
2026111,,2,a3ad73c3-4e94-4dd2-959e-981263d8f601,08/04/2019 11.04.00,115.140.48.152,Solihull,England,B92,Other,Adwords,/cart,cart
963292,74322,3,f88e04d6-244f-4f0b-a94e-1948ea96849a,15/11/2021 8.18.30,69.10.237.12,Solihull,England,B92,Safari,Adwords,/cart,cart
884570,68118,12,2932ffa7-5f32-459c-b85a-580cae58d749,04/07/2023 12.07.40,97.15.20.173,Solihull,England,B92,Chrome,Email,/cart,cart
1522776,,2,05cc48b7-03e6-40af-9d2d-9000c18b6138,14/06/2021 10.25.00,147.131.57.191,Redditch,England,B97,Chrome,Adwords,/cart,cart
136955,10467,3,b0c706e9-1a2f-4d5a-8a8d-1657dfd6bf3e,23/01/2023 3.52.20,106.4.245.209,Redditch,England,B97,Firefox,Email,/cart,cart
1006244,77600,3,923172e7-580a-420e-909a-d24f958f905a,31/10/2022 3.07.25,105.253.178.18,Bath,England,BA2,Chrome,Organic,/cart,cart
1334998,,3,c5146b83-d9c3-4aec-a6f5-06908ba660a4,19/11/2021 1.15.00,149.162.5.86,Bath,England,BA2,Chrome,Organic,/cart,cart
1715941,,3,14b67f8d-e7dd-4078-abb9-c430496f5ece,17/12/2022 19.08.00,210.22.20.213,Bath,England,BA2,Chrome,Adwords,/cart,cart
1287443,98752,6,c5dd525d-50f0-484b-ad9c-fc4db36c14ef,17/12/2021 22.08.14,197.156.187.120,Bath,England,BA2,Firefox,Email,/cart,cart
1148449,88216,3,70256db4-0895-40b3-8500-5ac972f8d3c2,10/02/2023 14.09.02,183.249.210.225,Radstock,England,BA3,Safari,Facebook,/cart,cart
367849,28118,12,30216118-cfb9-40a1-ba15-fa722d32b05e,17/08/2022 5.59.13,28.125.145.3,Blackburn,England,BB1,Chrome,Email,/cart,cart
2159738,,3,b8554f09-f8ea-4678-8c8a-2848e772e21a,08/12/2022 1.10.00,45.0.19.15,Blackburn,England,BB1,Chrome,YouTube,/cart,cart
1272122,97510,3,9ca05df3-067b-4bd3-b7a4-d61ed8d0fa99,03/07/2023 5.12.48,169.164.99.37,Blackburn,England,BB1,Firefox,Email,/cart,cart
720009,55267,6,614469bc-4963-4b12-b8af-8cdc45698119,15/11/2022 0.08.40,212.234.145.206,Blackburn,England,BB2,Firefox,Adwords,/cart,cart
2068387,,3,6a06a2da-5bde-47f2-ba8c-f70f34c248c0,10/06/2021 19.06.00,157.180.180.183,Blackburn,England,BB2,Firefox,YouTube,/cart,cart
2293334,,3,d11a6cf3-5d3c-4bea-9fe1-9c18e119855c,04/06/2019 16.58.00,120.224.189.115,Blackburn,England,BB2,Chrome,YouTube,/cart,cart
487140,37417,6,11c124cc-1db5-4e40-bd1b-7a4c7b656ffa,22/04/2023 5.07.36,154.230.138.6,Blackburn,England,BB2,Chrome,Email,/cart,cart
1809354,,3,1dec1b72-5a89-45ef-9006-18ed89287cc4,14/03/2019 7.11.00,148.69.192.64,Darwen,England,BB3,Other,Facebook,/cart,cart
2251715,,2,dffd5bc3-6c71-48d3-8854-b2d0305cbd34,20/01/2022 16.04.00,221.233.205.154,Darwen,England,BB3,Firefox,Adwords,/cart,cart
1514212,,2,31a5ca08-ef96-420d-ab88-76a5cf216219,26/05/2019 6.11.00,112.61.157.231,Darwen,England,BB3,Firefox,Email,/cart,cart
1662278,,3,989d567f-06bd-443d-9429-5868c28cff8f,28/12/2021 3.49.00,207.113.137.157,Haslingden,England,BB4,Chrome,Adwords,/cart,cart
1295335,99392,3,31c082e3-dd78-4ed3-ba30-ef58b9934f11,05/06/2023 7.43.07,7.62.13.131,Accrington,England,BB5,Chrome,Adwords,/cart,cart
1349605,,3,5aa2c0b5-9b82-4383-b1db-130fd6323036,13/05/2022 17.50.00,82.168.15.10,Accrington,England,BB5,Firefox,Facebook,/cart,cart
1151790,88485,12,fd52c84b-5662-4d5b-8b64-069df67538cf,19/05/2021 2.04.13,180.105.162.3,Accrington,England,BB5,Chrome,Email,/cart,cart
1151810,88485,6,491c0cab-9c8b-46eb-9046-f313f3fe27f8,15/05/2023 23.43.03,75.19.45.238,Accrington,England,BB5,IE,YouTube,/cart,cart
183417,14007,6,7fe6a346-355a-44c1-9b07-4f88f279858a,10/05/2022 4.46.01,201.223.46.62,Accrington,England,BB5,Firefox,YouTube,/cart,cart
2120945,,3,0bfeb2c1-b68e-45ec-bd69-d124dccce505,24/06/2022 1.54.00,7.51.76.254,Accrington,England,BB5,Chrome,Email,/cart,cart
1207308,92662,6,9dd9b852-07fa-434f-90a1-8159841a1285,22/06/2023 10.19.04,89.139.236.185,Clitheroe,England,BB7,Safari,Adwords,/cart,cart
68044,5206,3,9922c4b8-875c-4331-9d1b-e84d2f57a40a,23/07/2021 18.10.07,84.131.160.232,Clitheroe,England,BB7,Chrome,Email,/cart,cart
1218166,93532,4,59f74da0-2372-4af0-a353-cfbfb6609262,20/01/2023 14.05.44,142.7.11.89,Clitheroe,England,BB7,Chrome,Email,/cart,cart
2120238,,2,3baa1d5e-f594-4357-855a-ec53486780cc,11/06/2021 1.26.00,210.102.16.36,Bradford,England,BD2,Safari,Email,/cart,cart
2128214,,3,28ca10eb-b662-464a-b047-2f303dc5dbce,29/11/2022 12.33.00,158.255.128.151,Bradford,England,BD3,Chrome,Facebook,/cart,cart
845389,65096,3,cd7e947d-29d5-4341-99eb-32a82d9472fd,29/01/2020 12.25.26,146.164.94.74,Bradford,England,BD5,Chrome,YouTube,/cart,cart
496416,38128,3,9e572f57-d18d-4409-ba18-52da5ffff0d5,24/09/2022 14.32.21,48.181.30.223,Bradford,England,BD5,Chrome,Facebook,/cart,cart
845438,65096,6,199609a5-1fb5-4560-87bf-d50fa1fb6437,17/05/2023 11.46.57,136.42.181.182,Bradford,England,BD5,Firefox,Email,/cart,cart
827688,63699,6,7db03ff8-aadb-4f89-8261-3eb3b50654f1,10/05/2020 2.24.18,75.123.92.151,Bradford,England,BD8,Chrome,Facebook,/cart,cart
2428081,,3,e28708ca-2c81-42f1-9702-be87c5ad80e6,03/03/2019 10.31.00,213.124.81.210,Bradford,England,BD8,Firefox,Adwords,/cart,cart
1131755,86971,4,057591d1-1a85-4c15-af8d-ce7598cce558,25/10/2022 7.56.30,190.169.162.60,Bournemouth,England,BH8,IE,Email,/cart,cart
1027725,79188,4,3c844bae-3b48-40a0-977a-9e17496bcbbd,07/06/2023 23.39.57,109.213.38.218,Bournemouth,England,BH8,Safari,Email,/cart,cart
1801731,,3,c66af46d-6d98-4608-b894-d71c6d2244aa,13/08/2019 16.36.00,64.243.110.226,Bournemouth,England,BH9,Chrome,Email,/cart,cart
2305648,,3,e926f43d-c83f-4389-8547-7cb3e1ff5b86,13/12/2020 8.01.00,179.23.217.250,Bournemouth,England,BH9,Firefox,Adwords,/cart,cart
1325574,,2,c9d01e24-59f2-4892-9263-e23eaaeb707b,25/05/2023 1.57.00,87.236.60.136,Bolton,England,BL1,Firefox,YouTube,/cart,cart
1834366,,3,693d598b-3c6a-462e-9c2b-d4776cb9ba93,24/10/2022 6.44.00,55.116.188.23,Bolton,England,BL1,Chrome,Adwords,/cart,cart
1034204,79707,6,7486565b-3909-4eed-a4dd-c3fb1c7ce60e,19/10/2022 16.30.45,164.228.88.66,Bolton,England,BL1,Chrome,Organic,/cart,cart
1951500,,2,dc78988e-e01d-4caf-8f3c-1d83083173b9,15/07/2020 13.42.00,20.153.200.193,Bolton,England,BL1,Chrome,Adwords,/cart,cart
2071000,,3,1ac8c332-e1af-4a36-829a-3ea621e3919a,12/07/2020 4.08.00,119.178.239.139,Bolton,England,BL1,Firefox,Email,/cart,cart
866676,66758,4,ce807a7c-39de-4c53-b72b-56b4f558f90d,03/03/2022 23.18.07,172.27.202.215,Farnworth,England,BL4,IE,Email,/cart,cart
2378295,,3,a0f9388a-3267-4017-a381-882442e29ce3,04/05/2023 14.33.00,69.139.191.186,Bury,England,BL9,Safari,Email,/cart,cart
2283532,,3,8672afe2-b02f-4230-987d-d5f4c73b8ad3,10/11/2021 2.30.00,155.226.111.10,Brighton,England,BN1,Chrome,Email,/cart,cart
997220,76849,6,d377527a-2d93-44da-a7d7-00c8b8d7fb94,20/11/2021 10.28.25,184.103.13.15,Brighton,England,BN1,Chrome,Email,/cart,cart
1077776,82944,3,9412abaf-d0f5-4b0d-8896-0cd02fda1311,14/05/2023 10.11.49,25.106.109.119,Brighton,England,BN1,Chrome,Email,/cart,cart
286924,21923,6,8a5975e3-ebf8-4f09-9fbf-a263ea49768a,05/08/2022 10.22.26,79.86.143.250,Brighton,England,BN2,Chrome,Email,/cart,cart
684350,52625,4,d20879a9-d40d-4b3e-b88f-711a56b043e0,17/06/2023 7.05.08,153.160.116.4,Hove,England,BN3,Firefox,Facebook,/cart,cart
390936,29947,3,0d7b34a2-2298-41b0-a471-5cc330bf419f,12/11/2022 3.44.31,145.132.67.174,Hove,England,BN3,Safari,Email,/cart,cart
2261434,,2,82b2f2b0-f8e9-47d3-80ac-62fc0243b948,14/05/2019 17.59.00,217.96.235.95,Hove,England,BN3,Chrome,Organic,/cart,cart
265031,20298,4,b0abfdbb-4d8d-4b1e-9d5b-da0813dd3d08,22/05/2023 15.34.18,109.217.200.15,Hove,England,BN3,Safari,Email,/cart,cart
49665,3856,6,e09551cd-f065-469c-ad75-10e8e646c973,28/01/2023 4.56.34,140.138.208.180,Hove,England,BN3,Safari,Adwords,/cart,cart
49694,3856,9,dd1eb4cd-3bd5-424d-806c-b345a8e7e9a8,28/01/2023 2.44.26,3.200.205.167,Hove,England,BN3,Chrome,Email,/cart,cart
432020,33123,4,7e9c62d2-c4cd-4bd0-b97e-e100f31a6961,09/02/2022 23.34.29,30.231.93.201,Bromley,England,BR1,Safari,Email,/cart,cart
1332007,,2,1a22888f-d09d-4265-8cc4-de716e75c3d1,20/08/2020 3.47.00,152.38.124.245,Bromley,England,BR1,IE,Email,/cart,cart
1608475,,2,fe87a835-68bb-470b-bd7d-3a0d324c7ca8,07/02/2020 14.31.00,72.95.53.181,Bromley,England,BR2,Chrome,Adwords,/cart,cart
1106389,85111,6,c5f0ef64-b504-40c7-b969-546ddf1ae908,07/03/2023 21.12.31,138.103.101.246,Bromley,England,BR2,Chrome,YouTube,/cart,cart
14352,1115,3,2d4e442d-d18d-4384-a23c-d8242acf7af2,24/06/2023 9.52.06,80.155.80.35,Bromley,England,BR2,Chrome,Adwords,/cart,cart
14371,1115,9,b49e00c1-c735-4045-9854-4e73ee917031,24/06/2023 10.00.47,65.98.204.166,Bromley,England,BR2,Chrome,Adwords,/cart,cart
1233921,94682,4,e8fa498f-09b4-4726-a284-72cce6ef0cdd,18/01/2023 13.22.09,204.215.200.45,Beckenham,England,BR3,Chrome,Adwords,/cart,cart
1357890,,2,aaa0de6b-adb1-47eb-917e-0756eaa04aef,16/11/2021 10.01.00,57.133.179.181,Beckenham,England,BR3,Chrome,Email,/cart,cart
691583,53145,3,2b40a704-47f0-49c9-9795-81eb7d499839,07/08/2022 17.08.40,88.205.176.108,Beckenham,England,BR3,Other,YouTube,/cart,cart
1729361,,2,fdbf0826-b2b4-4a4d-8aa3-98fd4891d2ea,08/04/2021 16.04.00,100.186.112.23,Beckenham,England,BR3,Chrome,Email,/cart,cart
485810,37303,6,1648a46e-4bab-401c-9c3c-8ad2ce474458,08/11/2022 17.58.55,62.123.176.108,Beckenham,England,BR3,Firefox,Email,/cart,cart
1080619,83150,4,755357a1-acbf-4ca1-9f41-e96fdd128bd0,07/06/2023 10.13.27,185.179.249.181,Beckenham,England,BR3,Chrome,Adwords,/cart,cart
1346824,,2,139616ea-cf76-478c-b4c1-fea3c675ad21,01/09/2022 9.14.00,195.110.37.24,Beckenham,England,BR3,Firefox,Facebook,/cart,cart
485797,37303,6,54fa5851-0856-4d8c-9396-cbd54799e156,08/11/2022 17.55.33,123.67.35.221,Beckenham,England,BR3,Safari,Adwords,/cart,cart
905811,69799,3,8344365b-898d-4a36-86ac-834eed72fb0a,21/05/2023 13.38.31,207.249.176.90,Orpington,England,BR5,Chrome,Facebook,/cart,cart
1932321,,3,5fbdd5b7-0268-487c-8273-5930b0ffb409,11/12/2020 4.03.00,223.116.98.50,Orpington,England,BR6,Safari,Email,/cart,cart
1341803,,3,94d6e0e5-4053-4da0-8ec1-5abe5b6715d8,17/02/2021 13.47.00,85.93.88.9,Orpington,England,BR6,Safari,Facebook,/cart,cart
462040,35473,6,213623c3-fa81-4ea6-92eb-8f1b18ed7453,23/06/2019 16.50.32,159.144.121.219,Orpington,England,BR6,Chrome,Email,/cart,cart
421529,32252,6,f7b5a797-3b7a-4aab-bd7c-a233679da44d,29/06/2021 12.56.42,132.216.61.205,Bristol,England,BS3,Chrome,Facebook,/cart,cart
441794,33889,4,58c3f587-270e-455b-9044-c91038e73763,25/12/2021 4.01.12,42.189.98.216,Bristol,England,BS3,Chrome,Adwords,/cart,cart
1118261,86040,3,0da98960-1369-4625-a0b3-31ce30d88bd0,12/09/2022 7.56.54,47.136.156.68,Bristol,England,BS3,Chrome,Adwords,/cart,cart
1286327,98668,4,a09889fb-de64-44ce-a846-9fcd5c58da04,01/02/2021 9.38.36,173.48.225.207,Bristol,England,BS3,Firefox,Adwords,/cart,cart
2288056,,3,52ed4700-7050-4ae2-ab9e-935e35d16b8a,31/01/2022 15.19.00,161.115.202.132,Bristol,England,BS5,Chrome,Email,/cart,cart
1772055,,2,f51833e8-b3ba-4889-a95a-e85c576f6ed8,01/04/2022 14.48.00,143.164.157.90,Bristol,England,BS6,Safari,Adwords,/cart,cart
486575,37376,6,2c5732fe-147d-447c-a0e4-5a8ffcec2ad0,10/05/2023 15.25.01,31.147.167.85,Bristol,England,BS6,Safari,Email,/cart,cart
486578,37376,9,2c5732fe-147d-447c-a0e4-5a8ffcec2ad0,10/05/2023 15.31.08,31.147.167.85,Bristol,England,BS6,Safari,Email,/cart,cart
834430,64230,6,d543f752-530b-4cc6-bcd2-d8aed71f555f,21/11/2022 21.22.17,6.11.93.149,Bristol,England,BS6,Chrome,Email,/cart,cart
486572,37376,3,2c5732fe-147d-447c-a0e4-5a8ffcec2ad0,10/05/2023 15.20.59,31.147.167.85,Bristol,England,BS6,Safari,Email,/cart,cart
486565,37376,9,0b9da50d-eb9c-4fcd-a71d-86b946d7cdd4,10/05/2023 16.10.59,158.129.132.191,Bristol,England,BS6,IE,Email,/cart,cart
1217772,93509,12,18806a9b-2c83-451e-84d2-2ae62612c0c6,03/08/2021 22.35.10,200.128.40.110,Bristol,England,BS7,Chrome,YouTube,/cart,cart
799751,61488,4,145e241f-6a9d-44e1-b1a3-75ebda32209e,05/03/2023 10.19.47,18.163.82.29,Bristol,England,BS7,Chrome,Adwords,/cart,cart
2146247,,2,ca582131-8d55-4229-a00c-5f8335a95c24,05/08/2020 5.07.00,49.125.45.2,Bristol,England,BS7,Chrome,Email,/cart,cart
1851720,,3,facd3873-2ff2-467d-a80d-71d4f6346dc9,27/12/2022 8.17.00,6.26.167.194,Bristol,England,BS7,Safari,Email,/cart,cart
93438,7138,4,825577bc-19a9-4738-86e2-150b199c276b,07/12/2022 14.45.06,112.131.93.164,Bristol,England,BS7,Chrome,Organic,/cart,cart
1217789,93509,3,90212fd8-4a92-4a00-ac7a-d117aa97d54d,04/08/2021 0.26.27,102.213.99.84,Bristol,England,BS7,Firefox,Adwords,/cart,cart
792742,60889,3,c31c53fe-5c70-46b7-a192-4a749dc58483,25/09/2022 9.46.55,29.16.243.184,Bristol,England,BS8,Chrome,YouTube,/cart,cart
530657,40690,6,f260509e-2cee-4624-8388-683bb4bde9e5,12/01/2023 5.47.49,104.108.79.200,Bristol,England,BS8,Firefox,Email,/cart,cart
135382,10331,6,119f8dec-a69a-46bf-b743-24b9e7e74a36,08/02/2022 5.29.37,79.192.47.194,Bristol,England,BS8,Chrome,Adwords,/cart,cart
530654,40690,3,f260509e-2cee-4624-8388-683bb4bde9e5,12/01/2023 5.43.33,104.108.79.200,Bristol,England,BS8,Firefox,Email,/cart,cart
154389,11814,3,7618e7f0-5501-4092-9ab8-08e8832ff1a7,01/05/2023 1.12.11,126.245.154.166,Carryduff,Northern Ireland,BT8,Firefox,YouTube,/cart,cart
154379,11814,6,a6245e3c-48a6-46d6-87f5-85a1f189fffe,01/05/2023 0.48.17,52.76.108.152,Carryduff,Northern Ireland,BT8,Chrome,Facebook,/cart,cart
154382,11814,9,a6245e3c-48a6-46d6-87f5-85a1f189fffe,01/05/2023 0.51.58,52.76.108.152,Carryduff,Northern Ireland,BT8,Chrome,Facebook,/cart,cart
640003,49292,12,735e4004-af3f-474e-b11d-d833bcfea4e9,26/06/2023 2.39.38,78.126.182.103,Belfast,Northern Ireland,BT9,Chrome,YouTube,/cart,cart
639958,49292,6,fee5dfa9-1920-47b3-96ba-c2ac058ba254,24/04/2023 5.48.18,163.136.241.107,Belfast,Northern Ireland,BT9,Chrome,Adwords,/cart,cart
639990,49292,12,f1a06256-f210-4f36-83c0-867af5d0975e,26/06/2023 5.55.27,14.142.33.239,Belfast,Northern Ireland,BT9,Chrome,Facebook,/cart,cart
640020,49292,3,06620636-f933-448e-a068-5ac0ea7508e4,26/06/2023 4.09.08,178.212.219.150,Belfast,Northern Ireland,BT9,Chrome,Adwords,/cart,cart
1223477,93902,4,12c115cb-c658-4b6a-9a55-7c03d7eb308a,06/02/2022 12.30.31,55.69.62.181,Carlisle,England,CA2,Chrome,Adwords,/cart,cart
1994181,,2,face1efd-588e-481e-b8a7-bf108449a02a,04/02/2021 17.34.00,140.164.111.221,Carlisle,England,CA2,Chrome,Adwords,/cart,cart
2163777,,3,66f40aad-0c4f-4dca-8245-acefaec82af9,02/01/2020 12.22.00,174.166.209.223,Carlisle,England,CA2,Safari,Email,/cart,cart
261197,19973,6,3c694fa7-6309-494b-ab94-e05673973780,27/02/2023 12.06.19,153.2.115.167,Carlisle,England,CA2,Chrome,YouTube,/cart,cart
2018128,,2,3d16963c-a921-4814-8b75-e4df2b7fe240,16/01/2023 0.22.00,95.55.145.154,Cambridge,England,CB1,Chrome,Email,/cart,cart
1194835,91749,4,3d58c12a-7a07-415f-a967-8236b66a2465,25/03/2023 10.58.06,152.160.44.123,Cambridge,England,CB1,IE,Organic,/cart,cart
1909366,,3,68284e47-b13b-430f-9e0d-0a84e9a61cf2,25/08/2020 11.58.00,135.128.190.249,Cambridge,England,CB4,Chrome,Email,/cart,cart
357867,27397,6,7a48d1fe-afa7-4759-9590-5d2d0efb14c1,25/10/2020 5.06.29,92.172.206.93,Cambridge,England,CB4,Firefox,Adwords,/cart,cart
1418997,,2,b07d04a9-c985-4470-b9f0-32ff274b5825,21/03/2019 18.17.00,222.37.20.87,Littleport,England,CB6,Chrome,Email,/cart,cart
1267126,97127,4,b76d7817-39d1-4018-9ce3-3a9d5e08963c,31/10/2022 22.25.00,35.86.5.131,Littleport,England,CB6,Chrome,YouTube,/cart,cart
864699,66554,6,f48d574d-7fdf-4b6c-b8eb-9f12a8697138,29/05/2023 11.54.39,148.54.230.243,Soham,England,CB7,Chrome,Adwords,/cart,cart
864692,66554,9,7a43881d-9048-435c-8a2c-7d43f4ba83e8,29/05/2023 9.40.10,176.125.238.219,Soham,England,CB7,Chrome,Email,/cart,cart
575979,44376,3,e69083b2-3b8b-404a-9a1f-997a4856867e,16/11/2021 15.55.26,88.197.168.147,Newmarket,England,CB8,Chrome,Email,/cart,cart
389865,29864,6,272ce2c8-06c3-4160-9a3b-5ee484026233,29/11/2021 11.45.34,112.148.139.220,Haverhill,England,CB9,Firefox,Email,/cart,cart
922185,71107,3,edf3c64f-1f8c-42b5-807a-7338518f0025,06/06/2021 1.04.34,83.250.231.1,Saint Mellons,Wales,CF3,Safari,Email,/cart,cart
1512712,,3,626b7e59-34a4-48e5-bef2-945078b08925,10/02/2021 4.49.00,1.168.247.215,Saint Mellons,Wales,CF3,Safari,Adwords,/cart,cart
788108,60545,4,526b8af8-4e74-42bc-8655-abcfb97ec732,25/01/2022 2.51.42,183.171.171.166,Cardiff,Wales,CF5,Chrome,Adwords,/cart,cart
507519,38963,6,cda1bd64-77ff-45e1-b271-b0400ec7e47b,17/11/2022 6.35.38,183.96.44.8,Cardiff,Wales,CF5,Safari,Email,/cart,cart
1251764,95964,12,2f888fae-faea-4a6f-b4aa-f02b5fa353cc,09/07/2021 2.41.41,142.190.202.107,Cardiff,Wales,CF5,Chrome,Facebook,/cart,cart
1251748,95964,9,7179bd3d-6ef1-434f-8e37-2c29d2b0edd4,09/07/2021 4.49.20,115.101.59.87,Cardiff,Wales,CF5,Safari,Organic,/cart,cart
158518,12120,3,3454d90e-12af-4f9a-8853-e787f4137ba7,15/05/2022 14.27.20,70.206.86.236,Saughall,England,CH1,Other,Email,/cart,cart
1154321,88657,4,d84f6ab1-3ad2-49dc-82ce-797f23e18a46,15/06/2023 11.02.50,50.79.28.200,Saughall,England,CH1,IE,Email,/cart,cart
372927,28539,3,2dfff203-645c-4a76-bace-adbce289cc7f,16/02/2023 13.25.00,214.83.4.53,Chester,England,CH2,Chrome,Adwords,/cart,cart
661757,50951,3,f17387c5-78f8-4787-a1df-b52cb3bc5da8,19/07/2021 0.07.23,104.244.244.121,Christleton,England,CH3,Chrome,Adwords,/cart,cart
1254134,96156,3,1fbe4b66-c2e4-4bdf-b45e-882aed664e81,21/05/2023 11.14.13,17.216.166.217,Christleton,England,CH3,Chrome,Adwords,/cart,cart
433572,33243,6,72c79975-89cc-4b18-ace4-a913bcfaa54f,05/11/2021 11.49.15,20.182.169.209,Christleton,England,CH3,Firefox,Email,/cart,cart
661767,50951,6,08317029-77ec-4972-a1d3-8a138e0f4f84,19/07/2021 1.19.09,199.10.1.255,Christleton,England,CH3,Chrome,Adwords,/cart,cart
1296551,99496,3,67576e25-88fb-4f41-ae60-e20fc42e5fef,11/08/2021 7.47.27,162.35.206.85,Higher Kinnerton,England,CH4,Chrome,Email,/cart,cart
1296541,99496,3,f278224d-ee93-41bd-88ee-407ae9bae25b,11/08/2021 7.31.27,101.106.9.46,Higher Kinnerton,England,CH4,Chrome,YouTube,/cart,cart
1296531,99496,3,b978a7fc-790e-4862-a179-419ef5a181ff,11/08/2021 9.34.26,42.86.50.201,Higher Kinnerton,England,CH4,Chrome,Email,/cart,cart
1633307,,2,426b9cb3-d87c-4302-a935-4d2a53f31252,28/03/2020 2.16.00,182.145.163.45,Connah's Quay,Wales,CH5,IE,Email,/cart,cart
2290532,,2,552adde6-7464-4a83-967c-95c20e9dbff8,07/10/2020 2.09.00,47.233.61.228,Connah's Quay,Wales,CH5,Firefox,Email,/cart,cart
849205,65382,4,63fd12b6-3f06-49bf-be10-d0309b850bc3,25/11/2022 6.46.13,197.146.240.128,Buckley,Wales,CH7,Firefox,Email,/cart,cart
1400223,,3,034c2bcf-75f6-4bd9-82d4-48f0f6543b22,05/10/2021 16.40.00,164.178.62.99,Buckley,Wales,CH7,Chrome,Email,/cart,cart
1298835,99676,4,04195148-7d0f-4d4e-ac3a-2ddc1940ba4e,05/10/2020 3.46.32,16.85.54.246,Writtle,England,CM1,IE,Adwords,/cart,cart
1448791,,2,e0fc4ce6-7c88-4c68-bdf6-2d84bb2ff572,16/03/2021 16.58.00,160.9.26.160,Chelmsford,England,CM2,Safari,Adwords,/cart,cart
1551343,,2,6e2db3b2-df90-4400-ac4b-af3349dafa60,28/03/2022 2.41.00,195.56.198.131,Chelmsford,England,CM2,Firefox,Email,/cart,cart
963606,74344,3,98fab0ed-5818-4008-b2eb-7ccd9d03fbbc,01/05/2023 3.15.05,105.111.28.69,Boreham,England,CM3,Firefox,Facebook,/cart,cart
963609,74344,6,98fab0ed-5818-4008-b2eb-7ccd9d03fbbc,01/05/2023 3.21.47,105.111.28.69,Boreham,England,CM3,Firefox,Facebook,/cart,cart
1510770,,3,4b0b827c-b47c-4568-98fc-ac3cae1f3aa4,08/04/2022 2.45.00,170.36.215.113,Boreham,England,CM3,Chrome,Adwords,/cart,cart
1605853,,2,92c41412-09b0-424e-9506-55d439e738b1,02/03/2023 14.10.00,169.202.197.158,Braintree,England,CM7,IE,Email,/cart,cart
218085,16682,6,23e74ef5-499b-4f2d-b959-fe717af23c94,26/05/2022 11.05.02,150.52.90.83,Braintree,England,CM7,Other,Email,/cart,cart
1606865,,3,6b433165-6eec-4508-8120-f6abf2a4130d,07/12/2019 10.16.00,187.19.117.101,Witham,England,CM8,Chrome,Email,/cart,cart
1493114,,3,03d146d0-c80a-4275-81c2-4db2ce9968b2,30/01/2019 11.09.00,190.184.69.97,Witham,England,CM8,Chrome,Email,/cart,cart
533763,40933,4,a5e1e123-9346-47ef-9eea-270bad63899f,22/02/2022 3.12.56,159.211.236.192,Colchester,England,CO4,Chrome,Adwords,/cart,cart
751042,57740,4,e9e18c97-60e8-4b68-a1c6-e79521bf8743,23/02/2022 8.42.08,110.13.24.161,Colchester,England,CO4,Safari,Adwords,/cart,cart
1013959,78146,9,5db1d65c-0307-4d4b-b00e-e76c348be7a3,27/04/2023 9.20.36,21.207.202.15,Colchester,England,CO4,Safari,Email,/cart,cart
925021,71294,4,306e86e6-fea3-49ca-b458-098f5caa8434,14/08/2021 8.28.06,92.209.149.79,Colchester,England,CO4,Other,Facebook,/cart,cart
295637,22625,4,ba0a6ca9-59d2-43e4-9372-3a98fea6a529,30/12/2022 2.32.06,106.12.12.224,Colchester,England,CO4,Firefox,Organic,/cart,cart
2288109,,2,9c1d07c6-562f-4c79-baf1-158b1e3e437f,29/12/2020 6.39.00,112.43.248.157,Ardleigh,England,CO7,Chrome,Adwords,/cart,cart
1052325,81099,3,c08f5830-17ae-40ba-8559-7d75d5be1fcf,26/08/2020 23.43.42,63.107.147.130,Croydon,England,CR0,Safari,Adwords,/cart,cart
1378198,,3,c22cb672-27cd-4cb6-9b62-7fc79cd5cf91,13/11/2020 7.21.00,175.217.219.78,Croydon,England,CR0,Firefox,Adwords,/cart,cart
522707,40091,4,a5d1be69-0302-41b1-aa3f-1aab2c520274,26/04/2023 0.06.51,57.30.101.160,Croydon,England,CR0,Chrome,Email,/cart,cart
1139041,87518,6,776743ba-df80-41d9-9cd5-f8562bd8e12d,15/02/2022 8.39.40,144.74.154.150,Croydon,England,CR0,Chrome,YouTube,/cart,cart
1052338,81099,4,c1ccbf0d-9a14-4166-903b-63519dffb7ad,27/01/2020 2.05.47,41.225.133.159,Croydon,England,CR0,Chrome,Facebook,/cart,cart
1139078,87518,4,faacd8e7-f174-4ef4-b2ec-b73a8d543362,24/03/2023 9.42.46,120.100.165.234,Croydon,England,CR0,Chrome,Adwords,/cart,cart
1139082,87518,3,051ec9c7-9962-47e4-bec7-be55aab5c0ed,30/12/2021 8.23.54,126.75.84.124,Croydon,England,CR0,Other,Email,/cart,cart
1052318,81099,3,b544f3ba-1ae3-4435-ba53-5f21c33940d5,27/08/2020 3.13.12,218.96.85.167,Croydon,England,CR0,Chrome,Adwords,/cart,cart
556209,42737,4,a7075407-b7af-42ca-bf16-258f9c35abf4,15/06/2023 6.02.09,84.15.113.243,Croydon,England,CR0,Firefox,Email,/cart,cart
1139113,87518,4,b19be839-aee8-40f6-b0a0-87aa25d1df61,02/10/2021 10.53.18,20.84.211.208,Croydon,England,CR0,Chrome,Facebook,/cart,cart
391588,29990,4,2f9d90b2-040d-4881-a27d-3d56ed30e59f,29/03/2022 10.34.29,139.207.141.242,Croydon,England,CR0,Firefox,Facebook,/cart,cart
416670,31869,6,c930565d-8089-4214-975b-83766ff44848,11/01/2021 7.26.02,41.175.108.177,Croydon,England,CR0,Firefox,Email,/cart,cart
257564,19665,4,d49830e8-5fc5-46a9-8262-489209e5a1a5,21/02/2023 0.00.23,97.119.97.101,Croydon,England,CR0,Firefox,Email,/cart,cart
1903019,,2,1cd302e2-f0bf-42fa-b5dd-b66ebf0f3c7a,10/07/2019 19.20.00,161.57.214.108,Croydon,England,CR0,Firefox,Adwords,/cart,cart
2410003,,2,87ec91a8-f575-4eac-bb44-d26caacb18c8,23/09/2020 2.09.00,21.145.95.123,South Croydon,England,CR2,Firefox,Email,/cart,cart
462475,35509,4,3b7cc0ad-9023-4d97-975d-79bece7dc79b,27/02/2023 5.46.20,87.129.239.177,Mitcham,England,CR4,Chrome,Adwords,/cart,cart
1150446,88377,4,e4376e0d-3ebe-4a66-941b-b34bb597ae1e,18/07/2022 22.12.29,107.68.208.28,Coulsdon,England,CR5,Firefox,Email,/cart,cart
1508125,,3,dc73672c-dd80-48c8-9022-47dc7f721d2b,08/06/2020 13.00.00,170.232.7.169,Thornton Heath,England,CR7,Safari,YouTube,/cart,cart
479644,36842,3,69a4b33b-07bd-4d54-a5fe-0685c6702d39,05/12/2022 8.40.25,198.0.78.33,Thornton Heath,England,CR7,Chrome,Adwords,/cart,cart
1525694,,2,d79c7705-c63f-4e08-a61b-cc564ca5ba1f,25/06/2022 13.17.00,222.135.39.101,Thornton Heath,England,CR7,Firefox,Adwords,/cart,cart
2353637,,2,a425f879-2231-4012-9450-1ba907c9df08,06/12/2020 3.01.00,196.152.43.103,Purley,England,CR8,Chrome,Email,/cart,cart
1670107,,2,317a2918-466d-4068-b6a3-be61a0da1d78,16/01/2020 8.26.00,50.18.27.13,Blean,England,CT2,Chrome,Email,/cart,cart
1107483,85187,6,ce8b22b9-2beb-465e-9f44-3276f3e981ef,15/06/2023 5.00.57,155.116.56.193,Blean,England,CT2,Chrome,Email,/cart,cart
1564583,,3,29f6c477-f3c1-48ca-87ab-bd019150eb2c,03/06/2019 5.15.00,99.163.146.35,Whitstable,England,CT5,Other,Email,/cart,cart
1440434,,3,fa42237d-eee2-4d6b-ba8c-a92286c9fbe2,26/02/2022 6.27.00,162.21.178.181,Margate,England,CT9,Chrome,Email,/cart,cart
2361501,,3,0cc14ec3-2f08-4edb-8599-c0402728219b,05/08/2020 6.45.00,109.77.18.178,Coventry,England,CV2,Chrome,Email,/cart,cart
1405505,,2,c8e7b1b2-5928-4b54-99f9-f669f2075fb3,09/08/2020 14.04.00,120.113.47.243,Coventry,England,CV3,Chrome,Facebook,/cart,cart
1988884,,2,360d2074-d8c3-42ee-b68a-491110d57f26,16/06/2021 3.48.00,173.23.30.224,Coventry,England,CV6,Safari,Facebook,/cart,cart
1828145,,2,795cb8a7-21f9-41ec-8278-8497abcb8b3c,03/04/2023 8.34.00,220.154.159.56,Coventry,England,CV6,Chrome,Email,/cart,cart
1970388,,2,e235c6b7-4f82-4d69-a86b-19fa1315bec5,26/06/2021 12.04.00,86.46.193.235,Coventry,England,CV6,Chrome,Adwords,/cart,cart
288961,22077,6,a68ccdc3-6c59-48a9-a97b-37a8adc0c81c,11/10/2022 2.40.53,48.95.184.51,Coventry,England,CV6,Chrome,YouTube,/cart,cart
2318577,,3,d31f974c-4b08-4b5b-b1b8-7aaec415ce9e,07/05/2019 13.22.00,182.79.106.143,Coventry,England,CV6,Chrome,Adwords,/cart,cart
1223541,93908,6,06b18af1-867b-4873-b4b6-7f9c1b04453a,23/09/2021 5.36.33,221.254.249.98,Meriden,England,CV7,Chrome,Facebook,/cart,cart
704948,54164,9,6207068d-09d3-410b-a66b-d170c4223b60,18/11/2021 1.31.01,89.40.72.164,Crewe,England,CW1,Safari,Email,/cart,cart
704968,54164,9,fe21f3a8-b281-4cd4-82b1-68b395d8b622,18/11/2021 1.23.24,215.105.3.169,Crewe,England,CW1,Chrome,Facebook,/cart,cart
1257888,96461,9,0b7ce0d6-3fdc-4f36-bd64-67524a340312,23/11/2022 13.39.41,95.224.126.138,Crewe,England,CW2,Chrome,Adwords,/cart,cart
1257872,96461,3,d6a7759c-d57c-4ae5-99ee-5f368073d13a,23/11/2022 11.50.01,221.4.216.78,Crewe,England,CW2,IE,Facebook,/cart,cart
1257882,96461,3,0b7ce0d6-3fdc-4f36-bd64-67524a340312,23/11/2022 13.27.46,95.224.126.138,Crewe,England,CW2,Chrome,Adwords,/cart,cart
2197168,,3,0ba8153b-aae3-43da-9c35-c886fb1af06b,23/12/2019 2.24.00,9.193.47.116,Nantwich,England,CW5,Chrome,Adwords,/cart,cart
2166995,,2,7759cd04-53e6-418b-ab07-0a4bcac3481b,31/08/2021 13.54.00,109.123.139.150,Nantwich,England,CW5,Firefox,Email,/cart,cart
1401832,,3,6648c422-46ba-4ac6-9d02-4e9d47ffa832,02/02/2021 15.37.00,14.14.53.15,Winsford,England,CW7,Chrome,YouTube,/cart,cart
2181592,,3,e1d2a137-4363-4510-ab72-2a4ab574f220,21/07/2022 4.06.00,218.150.1.255,Winsford,England,CW7,Safari,Facebook,/cart,cart
1272463,97539,3,ea89db22-9117-49ee-97d6-eb4fc8e92ade,09/12/2021 16.21.14,27.56.180.74,Weaverham,England,CW8,IE,Email,/cart,cart
1273940,97659,4,5e2ee7da-b662-4e16-beda-9871385ce2b9,05/04/2022 21.45.39,30.144.233.24,Weaverham,England,CW8,Chrome,Organic,/cart,cart
643023,49511,3,d8b9fe69-b471-4d61-ac87-f7469fdff7c7,26/07/2021 3.01.13,139.1.156.74,Davenham,England,CW9,Safari,Organic,/cart,cart
1260497,96640,4,a38fa504-3bb4-4770-9858-970deabf81ad,04/07/2021 10.19.55,8.102.161.124,Dartford,England,DA1,Safari,YouTube,/cart,cart
776903,59691,6,30083046-5dc5-42b3-ad86-249ffd1d5392,12/06/2023 15.06.04,199.223.162.170,Bexleyheath,England,DA7,Chrome,Facebook,/cart,cart
870,61,9,04b6fa34-9630-4380-abdb-e4c2689482e8,04/02/2020 6.36.16,30.112.254.108,Erith,England,DA8,Chrome,Email,/cart,cart
873,61,12,04b6fa34-9630-4380-abdb-e4c2689482e8,04/02/2020 6.40.52,30.112.254.108,Erith,England,DA8,Chrome,Email,/cart,cart
864,61,3,04b6fa34-9630-4380-abdb-e4c2689482e8,04/02/2020 6.27.40,30.112.254.108,Erith,England,DA8,Chrome,Email,/cart,cart
906,61,6,387de166-270b-4e65-a38a-62da2c6bc1b0,04/02/2020 6.10.02,95.124.237.151,Erith,England,DA8,Chrome,Email,/cart,cart
895088,68945,9,0d3c7c3d-5b4c-4497-8b9f-8d6c5f58a247,04/11/2022 8.57.38,143.129.151.238,Dundee,Scotland,DD2,Chrome,Organic,/cart,cart
895065,68945,12,3a002838-26eb-4342-91f6-6b7e92f94cba,04/11/2022 7.07.37,29.133.77.20,Dundee,Scotland,DD2,Firefox,Email,/cart,cart
1860074,,2,ece1901b-2623-48be-b8e9-ec486fe7cd06,21/04/2023 6.38.00,192.231.185.48,Dundee,Scotland,DD2,Chrome,Organic,/cart,cart
2402036,,3,59186aac-70af-4edf-afc8-ea2fd80817cd,20/04/2022 16.32.00,133.163.254.9,Dundee,Scotland,DD2,Firefox,Email,/cart,cart
895101,68945,9,fb2590f3-28d4-4ac2-a61f-17b733292fe1,04/11/2022 5.13.28,189.82.252.26,Dundee,Scotland,DD2,Safari,Email,/cart,cart
1480331,,2,bab2379a-0ee9-49a0-b56d-3db96262d2e4,08/11/2022 13.29.00,192.224.102.45,Dundee,Scotland,DD2,Chrome,Adwords,/cart,cart
784927,60295,4,8ee6c742-146c-44fa-af60-feb4d1d7135c,04/07/2023 16.00.31,99.196.57.140,Dundee,Scotland,DD3,Firefox,Facebook,/cart,cart
1529025,,3,e9c32f95-beee-423b-bdb0-a639f0df4831,16/07/2021 11.29.00,68.244.118.74,Dundee,Scotland,DD3,Safari,Adwords,/cart,cart
898644,69225,6,3b3ece3d-0211-404a-ab4e-b54f56c481e0,29/12/2022 12.08.54,15.166.249.147,Forfar,Scotland,DD8,Chrome,Email,/cart,cart
898656,69225,3,849b1660-9cb0-445e-899f-de8c8c20d1a7,04/07/2023 11.16.34,211.154.94.24,Forfar,Scotland,DD8,IE,Facebook,/cart,cart
1673728,,2,fe961ab1-0b1b-455b-a47d-58fa581d2e0c,22/02/2020 0.44.00,192.166.156.94,Ilkeston,England,DE7,Chrome,Adwords,/cart,cart
1647380,,2,835547f4-ce58-4456-9e87-5bbb5aefbeef,21/08/2019 4.45.00,42.138.27.79,Ilkeston,England,DE7,Firefox,Email,/cart,cart
266818,20413,4,3ba984d9-058e-4327-9e2d-3b661aa147ea,08/12/2022 14.30.14,77.174.180.36,Durham,England,DH1,Safari,Adwords,/cart,cart
37788,2920,9,e13ae73d-6205-4620-ab57-cd37d3fa7eaa,04/06/2023 0.40.02,38.86.218.101,Pelton,England,DH2,Chrome,Facebook,/cart,cart
37765,2920,12,c398c0d3-b1f5-4bbd-96d0-bd7cd4a397a0,04/06/2023 0.33.44,218.10.45.184,Pelton,England,DH2,Chrome,Email,/cart,cart
37778,2920,12,9b741449-07e8-4c75-a5f2-bebd2a72cec3,03/06/2023 21.25.15,174.171.209.224,Pelton,England,DH2,IE,Email,/cart,cart
2121245,,2,e7aefb67-c6d2-4401-a315-159abeb4d84e,24/04/2021 8.33.00,12.125.178.205,Houghton le Spring,England,DH4,Chrome,Adwords,/cart,cart
1148779,88245,3,32dcde0d-5e25-4ebd-932c-588f0f304ee3,20/11/2022 11.09.17,40.107.243.138,Houghton le Spring,England,DH4,Chrome,Adwords,/cart,cart
1148768,88245,6,7252243a-6443-4a7d-afaa-0235d9372c0c,03/12/2020 11.13.53,179.14.16.122,Houghton le Spring,England,DH4,Safari,Adwords,/cart,cart
1749233,,2,aa889d82-b8b2-4ac2-8620-00e8a5aec298,22/04/2020 2.26.00,47.49.174.19,Lanchester,England,DH7,Chrome,Email,/cart,cart
2303019,,2,e7ed6be4-2b22-4bcb-bd86-18963d11a81a,16/04/2019 2.47.00,196.45.244.164,Lanchester,England,DH7,Safari,Facebook,/cart,cart
300972,23008,4,eaecdf4d-5ba2-46ab-965d-d377204aea97,07/09/2022 0.20.51,169.171.217.215,Lanchester,England,DH7,Chrome,Email,/cart,cart
2109603,,3,64ab8df3-d613-49e2-a333-0ea461de1a96,09/11/2022 9.16.00,146.39.35.73,Lanchester,England,DH7,Firefox,YouTube,/cart,cart
1606785,,2,582f8964-2beb-408d-a88f-5f638f6cc0ea,09/02/2023 5.27.00,119.172.230.38,Lanchester,England,DH8,Safari,Email,/cart,cart
875716,67435,6,633d60e8-818a-4800-b87e-9459e4afd56f,24/03/2023 5.33.37,103.12.140.122,Lanchester,England,DH8,Firefox,YouTube,/cart,cart
1283914,98466,4,ba991b97-4a59-47d2-b68c-d91c46517689,08/11/2021 6.03.08,41.216.60.190,Lanchester,England,DH8,IE,Adwords,/cart,cart
431493,33078,9,5399dfed-9af8-4f90-86ac-a17183cd4132,01/02/2020 7.56.56,178.101.8.138,Darlington,England,DL1,Chrome,Facebook,/cart,cart
2204103,,2,32dc3f46-e8b5-4afe-a9f3-b7562d13f7d4,16/06/2022 18.17.00,16.130.224.159,Darlington,England,DL1,IE,Email,/cart,cart
1434288,,2,3251cda5-28b1-498a-8f1a-280612128419,07/09/2022 12.21.00,32.23.209.163,Darlington,England,DL1,Chrome,Adwords,/cart,cart
1205922,92553,6,84438531-3adf-4fbd-8d5d-7438e62d40cb,19/11/2022 1.31.25,10.213.234.28,Darlington,England,DL1,Safari,YouTube,/cart,cart
1205926,92553,3,d9779ab6-24fe-4deb-aa6e-f5823b61e694,19/11/2022 1.00.28,125.11.214.63,Darlington,England,DL1,Firefox,Email,/cart,cart
183643,14021,3,7aaf0573-f675-436a-94d1-998cf17dbe71,20/09/2022 8.18.54,40.215.185.235,Darlington,England,DL1,Chrome,Organic,/cart,cart
1708687,,3,7cd94e6e-db37-448d-806e-4dd55b03de84,04/10/2022 11.42.00,13.143.40.217,Darlington,England,DL3,Firefox,Email,/cart,cart
1796865,,3,43a155e5-7ef6-4cdf-890e-0a0484b38c6e,07/12/2022 17.59.00,87.37.205.76,Armthorpe,England,DN3,Chrome,Email,/cart,cart
1298344,99633,9,a55d74f5-ee43-4778-b399-620612261078,05/04/2022 2.30.02,162.230.87.155,Armthorpe,England,DN3,IE,Email,/cart,cart
516544,39652,4,7765fab1-e168-4b83-a2c8-d11e0cf9a8f5,07/03/2023 14.39.52,76.195.54.131,Armthorpe,England,DN3,Firefox,Email,/cart,cart
1298318,99633,9,b42b4ec1-d2ea-4d22-8b4d-3bdb67561cbd,05/04/2022 1.53.43,96.215.217.180,Armthorpe,England,DN3,Safari,Adwords,/cart,cart
2277175,,3,a2eccff9-5ae3-41ec-a1c7-3239400ec127,28/01/2019 7.12.00,213.114.73.242,Doncaster,England,DN4,Safari,Facebook,/cart,cart
820302,63102,3,5001c3b6-7147-479d-942a-dc6c65d919d7,14/09/2022 13.24.11,71.89.180.65,Doncaster,England,DN4,Chrome,Facebook,/cart,cart
544114,41764,4,a7586b9f-1533-47d3-896f-366563911815,18/06/2023 13.15.39,196.2.220.254,Doncaster,England,DN4,Chrome,Facebook,/cart,cart
2200626,,3,29996935-8d00-4d98-9f46-6b091d174b72,01/04/2021 11.38.00,39.247.172.178,Doncaster,England,DN4,Chrome,Adwords,/cart,cart
2404146,,2,d503e2fc-4103-4f32-a750-dcb6be5bdf28,28/01/2020 1.54.00,145.32.204.140,Doncaster,England,DN4,Firefox,Email,/cart,cart
1390214,,2,e2b7e72a-329f-4b4a-b416-ce1ce378025e,12/03/2020 16.29.00,195.173.66.75,Doncaster,England,DN5,Firefox,Email,/cart,cart
397649,30496,6,c05450a5-2c42-4ba9-b9bc-259d2239b9d4,05/01/2023 11.20.53,194.90.126.170,Doncaster,England,DN5,Firefox,Email,/cart,cart
1084818,83487,9,b1e35e6d-9318-4b7e-b84e-48126cbe6eb3,05/04/2023 3.41.53,214.103.241.85,Doncaster,England,DN5,Chrome,Facebook,/cart,cart
2383915,,3,125ea2b0-bf5d-4e61-97e3-d21d5557ae80,12/05/2022 18.18.00,36.186.99.41,Doncaster,England,DN5,Chrome,Adwords,/cart,cart
1197569,91943,3,bb29f290-1821-4dae-8424-5cf351200b1b,15/02/2023 2.16.42,87.238.184.46,Norton,England,DN6,Chrome,Organic,/cart,cart
1197582,91943,3,a1093549-cc70-4885-9dff-ac4652cabfce,15/02/2023 4.27.37,181.63.105.72,Norton,England,DN6,Chrome,Email,/cart,cart
2337756,,3,609715b1-7fbc-423e-b3f8-35c3a770a428,11/05/2020 2.16.00,28.115.43.23,Puddletown,England,DT2,Safari,Adwords,/cart,cart
1519041,,2,ed2b76cd-3c89-4d0c-a12d-060454a6ca2e,13/09/2020 11.17.00,155.34.126.1,Puddletown,England,DT2,Chrome,Email,/cart,cart
307571,23546,4,9eab2b89-5134-4e8f-8065-a029ba234485,08/04/2022 10.29.30,182.102.119.12,Puddletown,England,DT2,Firefox,YouTube,/cart,cart
2182826,,3,50f812e1-39d1-4df7-ade1-675ca6ea2745,16/08/2019 17.54.00,42.157.9.155,Puddletown,England,DT2,Chrome,Email,/cart,cart
1334178,,2,9b2c6ecc-9f94-4ec1-8e0e-6fab30d2da56,24/02/2020 15.28.00,3.139.98.0,Weymouth,England,DT4,Other,Facebook,/cart,cart
282151,21551,4,fb18ee79-21ff-4864-a1c0-7153df5ab060,20/03/2021 7.02.54,84.97.203.4,Weymouth,England,DT4,Chrome,Email,/cart,cart