id,product_id,created_at,sold_at,cost,product_category,product_name,product_brand,product_retail_price,product_department,product_sku,product_distribution_center_id
2456,16898,10/07/2022 6.09.21,26/08/2022 2.13.21,"13,92499997",Tops & Tees,Quiksilver Waterman Men's On The Rise,,25,Men,22811EE19846217512507785E74D12CC,3
2457,16898,18/01/2022 9.06.00,,"13,92499997",Tops & Tees,Quiksilver Waterman Men's On The Rise,,25,Men,22811EE19846217512507785E74D12CC,3
2458,16898,12/02/2021 18.51.00,,"13,92499997",Tops & Tees,Quiksilver Waterman Men's On The Rise,,25,Men,22811EE19846217512507785E74D12CC,3
2459,16898,10/01/2023 14.34.00,,"13,92499997",Tops & Tees,Quiksilver Waterman Men's On The Rise,,25,Men,22811EE19846217512507785E74D12CC,3
73391,16898,10/07/2022 17.55.04,30/08/2022 7.08.04,"13,92499997",Tops & Tees,Quiksilver Waterman Men's On The Rise,,25,Men,22811EE19846217512507785E74D12CC,3
73392,16898,25/09/2020 3.03.00,,"13,92499997",Tops & Tees,Quiksilver Waterman Men's On The Rise,,25,Men,22811EE19846217512507785E74D12CC,3
73393,16898,02/01/2020 14.40.00,,"13,92499997",Tops & Tees,Quiksilver Waterman Men's On The Rise,,25,Men,22811EE19846217512507785E74D12CC,3
73394,16898,05/04/2021 11.17.00,,"13,92499997",Tops & Tees,Quiksilver Waterman Men's On The Rise,,25,Men,22811EE19846217512507785E74D12CC,3
91208,16898,22/02/2022 0.15.50,12/04/2022 9.58.50,"13,92499997",Tops & Tees,Quiksilver Waterman Men's On The Rise,,25,Men,22811EE19846217512507785E74D12CC,3
91209,16898,21/03/2020 17.30.00,,"13,92499997",Tops & Tees,Quiksilver Waterman Men's On The Rise,,25,Men,22811EE19846217512507785E74D12CC,3
103785,16898,10/05/2023 5.16.45,05/07/2023 16.48.45,"13,92499997",Tops & Tees,Quiksilver Waterman Men's On The Rise,,25,Men,22811EE19846217512507785E74D12CC,3
103786,16898,16/05/2021 2.31.00,,"13,92499997",Tops & Tees,Quiksilver Waterman Men's On The Rise,,25,Men,22811EE19846217512507785E74D12CC,3
148940,16898,04/10/2022 7.20.07,29/10/2022 4.10.07,"13,92499997",Tops & Tees,Quiksilver Waterman Men's On The Rise,,25,Men,22811EE19846217512507785E74D12CC,3
148941,16898,09/05/2020 15.46.00,,"13,92499997",Tops & Tees,Quiksilver Waterman Men's On The Rise,,25,Men,22811EE19846217512507785E74D12CC,3
148942,16898,09/10/2020 15.12.00,,"13,92499997",Tops & Tees,Quiksilver Waterman Men's On The Rise,,25,Men,22811EE19846217512507785E74D12CC,3
180266,16898,29/09/2022 3.17.17,01/11/2022 8.04.17,"13,92499997",Tops & Tees,Quiksilver Waterman Men's On The Rise,,25,Men,22811EE19846217512507785E74D12CC,3
180267,16898,09/10/2020 5.04.00,,"13,92499997",Tops & Tees,Quiksilver Waterman Men's On The Rise,,25,Men,22811EE19846217512507785E74D12CC,3
408528,16898,12/03/2023 20.08.22,16/04/2023 12.38.22,"13,92499997",Tops & Tees,Quiksilver Waterman Men's On The Rise,,25,Men,22811EE19846217512507785E74D12CC,3
408529,16898,03/11/2020 7.54.00,,"13,92499997",Tops & Tees,Quiksilver Waterman Men's On The Rise,,25,Men,22811EE19846217512507785E74D12CC,3
408530,16898,26/07/2020 13.42.00,,"13,92499997",Tops & Tees,Quiksilver Waterman Men's On The Rise,,25,Men,22811EE19846217512507785E74D12CC,3
467247,16898,30/01/2022 1.34.28,30/03/2022 23.59.28,"13,92499997",Tops & Tees,Quiksilver Waterman Men's On The Rise,,25,Men,22811EE19846217512507785E74D12CC,3
467248,16898,13/01/2023 4.36.00,,"13,92499997",Tops & Tees,Quiksilver Waterman Men's On The Rise,,25,Men,22811EE19846217512507785E74D12CC,3
467249,16898,03/07/2021 9.25.00,,"13,92499997",Tops & Tees,Quiksilver Waterman Men's On The Rise,,25,Men,22811EE19846217512507785E74D12CC,3
467250,16898,24/01/2020 10.32.00,,"13,92499997",Tops & Tees,Quiksilver Waterman Men's On The Rise,,25,Men,22811EE19846217512507785E74D12CC,3
489706,16898,16/09/2020 22.20.31,13/10/2020 13.58.31,"13,92499997",Tops & Tees,Quiksilver Waterman Men's On The Rise,,25,Men,22811EE19846217512507785E74D12CC,3
489707,16898,11/08/2022 12.52.00,,"13,92499997",Tops & Tees,Quiksilver Waterman Men's On The Rise,,25,Men,22811EE19846217512507785E74D12CC,3
62688,9482,31/03/2020 18.47.49,02/04/2020 15.32.49,"5,711999953",Socks & Hosiery,KEEN Women Bellingham Low Ultralite Sock,,16,Women,C5A3C867A3DFB776552DCFC804D4937E,3
62689,9482,05/01/2020 8.26.00,,"5,711999953",Socks & Hosiery,KEEN Women Bellingham Low Ultralite Sock,,16,Women,C5A3C867A3DFB776552DCFC804D4937E,3
62690,9482,04/02/2020 7.58.00,,"5,711999953",Socks & Hosiery,KEEN Women Bellingham Low Ultralite Sock,,16,Women,C5A3C867A3DFB776552DCFC804D4937E,3
62691,9482,15/09/2020 6.09.00,,"5,711999953",Socks & Hosiery,KEEN Women Bellingham Low Ultralite Sock,,16,Women,C5A3C867A3DFB776552DCFC804D4937E,3
97516,9482,14/12/2021 1.04.04,11/02/2022 0.32.04,"5,711999953",Socks & Hosiery,KEEN Women Bellingham Low Ultralite Sock,,16,Women,C5A3C867A3DFB776552DCFC804D4937E,3
97517,9482,05/10/2022 1.32.00,,"5,711999953",Socks & Hosiery,KEEN Women Bellingham Low Ultralite Sock,,16,Women,C5A3C867A3DFB776552DCFC804D4937E,3
97518,9482,16/01/2023 9.22.00,,"5,711999953",Socks & Hosiery,KEEN Women Bellingham Low Ultralite Sock,,16,Women,C5A3C867A3DFB776552DCFC804D4937E,3
283715,9482,02/02/2023 9.33.14,16/02/2023 9.01.14,"5,711999953",Socks & Hosiery,KEEN Women Bellingham Low Ultralite Sock,,16,Women,C5A3C867A3DFB776552DCFC804D4937E,3
283716,9482,26/11/2022 18.26.00,,"5,711999953",Socks & Hosiery,KEEN Women Bellingham Low Ultralite Sock,,16,Women,C5A3C867A3DFB776552DCFC804D4937E,3
401632,9482,23/04/2023 5.11.08,15/06/2023 23.49.08,"5,711999953",Socks & Hosiery,KEEN Women Bellingham Low Ultralite Sock,,16,Women,C5A3C867A3DFB776552DCFC804D4937E,3
401633,9482,07/09/2021 3.06.00,,"5,711999953",Socks & Hosiery,KEEN Women Bellingham Low Ultralite Sock,,16,Women,C5A3C867A3DFB776552DCFC804D4937E,3
401634,9482,28/01/2023 15.33.00,,"5,711999953",Socks & Hosiery,KEEN Women Bellingham Low Ultralite Sock,,16,Women,C5A3C867A3DFB776552DCFC804D4937E,3
406924,9482,02/09/2022 23.26.41,15/10/2022 14.33.41,"5,711999953",Socks & Hosiery,KEEN Women Bellingham Low Ultralite Sock,,16,Women,C5A3C867A3DFB776552DCFC804D4937E,3
406925,9482,02/01/2021 13.07.00,,"5,711999953",Socks & Hosiery,KEEN Women Bellingham Low Ultralite Sock,,16,Women,C5A3C867A3DFB776552DCFC804D4937E,3
406926,9482,23/06/2020 12.14.00,,"5,711999953",Socks & Hosiery,KEEN Women Bellingham Low Ultralite Sock,,16,Women,C5A3C867A3DFB776552DCFC804D4937E,3
458644,9482,27/04/2023 4.25.06,24/06/2023 15.53.06,"5,711999953",Socks & Hosiery,KEEN Women Bellingham Low Ultralite Sock,,16,Women,C5A3C867A3DFB776552DCFC804D4937E,3
458645,9482,13/03/2022 13.20.00,,"5,711999953",Socks & Hosiery,KEEN Women Bellingham Low Ultralite Sock,,16,Women,C5A3C867A3DFB776552DCFC804D4937E,3
157071,13863,06/02/2022 18.19.42,14/02/2022 22.44.42,"9,554499963",Accessories,Husky Animal Hat with Mittens,,"24,25",Women,7992308D89FF6B43BC197C8EF9BD934B,3
157072,13863,12/08/2020 1.40.00,,"9,554499963",Accessories,Husky Animal Hat with Mittens,,"24,25",Women,7992308D89FF6B43BC197C8EF9BD934B,3
182256,13863,22/05/2023 4.35.30,28/05/2023 12.57.30,"9,554499963",Accessories,Husky Animal Hat with Mittens,,"24,25",Women,7992308D89FF6B43BC197C8EF9BD934B,3
182257,13863,30/01/2020 6.35.00,,"9,554499963",Accessories,Husky Animal Hat with Mittens,,"24,25",Women,7992308D89FF6B43BC197C8EF9BD934B,3
376519,13863,31/12/2022 4.43.38,22/02/2023 10.38.38,"9,554499963",Accessories,Husky Animal Hat with Mittens,,"24,25",Women,7992308D89FF6B43BC197C8EF9BD934B,3
376520,13863,26/01/2020 2.54.00,,"9,554499963",Accessories,Husky Animal Hat with Mittens,,"24,25",Women,7992308D89FF6B43BC197C8EF9BD934B,3
431621,13863,13/02/2022 23.04.56,21/02/2022 8.30.56,"9,554499963",Accessories,Husky Animal Hat with Mittens,,"24,25",Women,7992308D89FF6B43BC197C8EF9BD934B,3
431622,13863,18/06/2020 2.01.00,,"9,554499963",Accessories,Husky Animal Hat with Mittens,,"24,25",Women,7992308D89FF6B43BC197C8EF9BD934B,3
467751,13863,01/01/2023 20.10.20,18/01/2023 6.06.20,"9,554499963",Accessories,Husky Animal Hat with Mittens,,"24,25",Women,7992308D89FF6B43BC197C8EF9BD934B,3
467752,13863,06/05/2021 2.02.00,,"9,554499963",Accessories,Husky Animal Hat with Mittens,,"24,25",Women,7992308D89FF6B43BC197C8EF9BD934B,3
467753,13863,24/12/2020 10.14.00,,"9,554499963",Accessories,Husky Animal Hat with Mittens,,"24,25",Women,7992308D89FF6B43BC197C8EF9BD934B,3
467754,13863,24/05/2022 18.11.00,,"9,554499963",Accessories,Husky Animal Hat with Mittens,,"24,25",Women,7992308D89FF6B43BC197C8EF9BD934B,3
73084,25135,12/12/2021 19.34.44,01/02/2022 12.49.44,"12,47639974",Socks,Volcom Men's Argyle Socks,,"22,47999954",Men,0DC76D68D436BB030EFBE3A8386EE47A,3
73085,25135,13/09/2021 3.50.00,,"12,47639974",Socks,Volcom Men's Argyle Socks,,"22,47999954",Men,0DC76D68D436BB030EFBE3A8386EE47A,3
73086,25135,13/09/2021 4.50.00,,"12,47639974",Socks,Volcom Men's Argyle Socks,,"22,47999954",Men,0DC76D68D436BB030EFBE3A8386EE47A,3
73087,25135,15/05/2023 18.14.00,,"12,47639974",Socks,Volcom Men's Argyle Socks,,"22,47999954",Men,0DC76D68D436BB030EFBE3A8386EE47A,3
78963,25135,25/02/2023 16.57.06,19/03/2023 13.25.06,"12,47639974",Socks,Volcom Men's Argyle Socks,,"22,47999954",Men,0DC76D68D436BB030EFBE3A8386EE47A,3
78964,25135,09/04/2020 15.00.00,,"12,47639974",Socks,Volcom Men's Argyle Socks,,"22,47999954",Men,0DC76D68D436BB030EFBE3A8386EE47A,3
236727,25135,24/02/2023 16.00.44,08/04/2023 7.11.44,"12,47639974",Socks,Volcom Men's Argyle Socks,,"22,47999954",Men,0DC76D68D436BB030EFBE3A8386EE47A,3
236728,25135,21/10/2020 13.04.00,,"12,47639974",Socks,Volcom Men's Argyle Socks,,"22,47999954",Men,0DC76D68D436BB030EFBE3A8386EE47A,3
236729,25135,28/11/2021 6.26.00,,"12,47639974",Socks,Volcom Men's Argyle Socks,,"22,47999954",Men,0DC76D68D436BB030EFBE3A8386EE47A,3
378896,25135,31/07/2021 9.49.34,10/09/2021 10.34.34,"12,47639974",Socks,Volcom Men's Argyle Socks,,"22,47999954",Men,0DC76D68D436BB030EFBE3A8386EE47A,3
378897,25135,28/10/2020 7.09.00,,"12,47639974",Socks,Volcom Men's Argyle Socks,,"22,47999954",Men,0DC76D68D436BB030EFBE3A8386EE47A,3
484155,25135,09/03/2023 21.39.39,02/04/2023 14.23.39,"12,47639974",Socks,Volcom Men's Argyle Socks,,"22,47999954",Men,0DC76D68D436BB030EFBE3A8386EE47A,3
484156,25135,15/07/2021 1.17.00,,"12,47639974",Socks,Volcom Men's Argyle Socks,,"22,47999954",Men,0DC76D68D436BB030EFBE3A8386EE47A,3
486926,25135,23/03/2022 2.46.53,12/05/2022 17.59.53,"12,47639974",Socks,Volcom Men's Argyle Socks,,"22,47999954",Men,0DC76D68D436BB030EFBE3A8386EE47A,3
486927,25135,06/03/2021 17.14.00,,"12,47639974",Socks,Volcom Men's Argyle Socks,,"22,47999954",Men,0DC76D68D436BB030EFBE3A8386EE47A,3
18195,11843,11/08/2022 23.42.28,25/08/2022 23.11.28,"33,89999997",Intimates,Wendy Glez Rose Cami Black,,60,Women,B451DA363BB08B9A81CEADBADB5133EF,3
18196,11843,10/12/2021 18.59.00,,"33,89999997",Intimates,Wendy Glez Rose Cami Black,,60,Women,B451DA363BB08B9A81CEADBADB5133EF,3
23258,11843,04/03/2023 20.57.24,13/04/2023 13.19.24,"33,89999997",Intimates,Wendy Glez Rose Cami Black,,60,Women,B451DA363BB08B9A81CEADBADB5133EF,3
23259,11843,15/09/2020 10.02.00,,"33,89999997",Intimates,Wendy Glez Rose Cami Black,,60,Women,B451DA363BB08B9A81CEADBADB5133EF,3
23260,11843,22/02/2022 2.38.00,,"33,89999997",Intimates,Wendy Glez Rose Cami Black,,60,Women,B451DA363BB08B9A81CEADBADB5133EF,3
23261,11843,28/02/2023 5.21.00,,"33,89999997",Intimates,Wendy Glez Rose Cami Black,,60,Women,B451DA363BB08B9A81CEADBADB5133EF,3
34930,11843,11/04/2023 17.26.21,18/04/2023 6.52.21,"33,89999997",Intimates,Wendy Glez Rose Cami Black,,60,Women,B451DA363BB08B9A81CEADBADB5133EF,3
34931,11843,19/02/2020 8.54.00,,"33,89999997",Intimates,Wendy Glez Rose Cami Black,,60,Women,B451DA363BB08B9A81CEADBADB5133EF,3
34932,11843,24/04/2022 18.57.00,,"33,89999997",Intimates,Wendy Glez Rose Cami Black,,60,Women,B451DA363BB08B9A81CEADBADB5133EF,3
34933,11843,12/04/2023 3.31.00,,"33,89999997",Intimates,Wendy Glez Rose Cami Black,,60,Women,B451DA363BB08B9A81CEADBADB5133EF,3
164780,11843,01/01/2022 0.03.47,24/01/2022 4.41.47,"33,89999997",Intimates,Wendy Glez Rose Cami Black,,60,Women,B451DA363BB08B9A81CEADBADB5133EF,3
164781,11843,07/08/2020 14.48.00,,"33,89999997",Intimates,Wendy Glez Rose Cami Black,,60,Women,B451DA363BB08B9A81CEADBADB5133EF,3
164782,11843,14/11/2022 3.48.00,,"33,89999997",Intimates,Wendy Glez Rose Cami Black,,60,Women,B451DA363BB08B9A81CEADBADB5133EF,3
164783,11843,19/04/2021 12.16.00,,"33,89999997",Intimates,Wendy Glez Rose Cami Black,,60,Women,B451DA363BB08B9A81CEADBADB5133EF,3
198308,11843,30/04/2020 7.29.21,17/05/2020 10.43.21,"33,89999997",Intimates,Wendy Glez Rose Cami Black,,60,Women,B451DA363BB08B9A81CEADBADB5133EF,3
198309,11843,26/04/2021 16.40.00,,"33,89999997",Intimates,Wendy Glez Rose Cami Black,,60,Women,B451DA363BB08B9A81CEADBADB5133EF,3
212858,11843,03/08/2021 8.03.46,13/08/2021 8.47.46,"33,89999997",Intimates,Wendy Glez Rose Cami Black,,60,Women,B451DA363BB08B9A81CEADBADB5133EF,3
212859,11843,02/02/2023 11.32.00,,"33,89999997",Intimates,Wendy Glez Rose Cami Black,,60,Women,B451DA363BB08B9A81CEADBADB5133EF,3
212860,11843,11/08/2020 3.20.00,,"33,89999997",Intimates,Wendy Glez Rose Cami Black,,60,Women,B451DA363BB08B9A81CEADBADB5133EF,3
224395,11843,03/04/2023 23.55.50,24/05/2023 10.39.50,"33,89999997",Intimates,Wendy Glez Rose Cami Black,,60,Women,B451DA363BB08B9A81CEADBADB5133EF,3
224396,11843,12/12/2021 2.05.00,,"33,89999997",Intimates,Wendy Glez Rose Cami Black,,60,Women,B451DA363BB08B9A81CEADBADB5133EF,3
224397,11843,31/05/2021 5.34.00,,"33,89999997",Intimates,Wendy Glez Rose Cami Black,,60,Women,B451DA363BB08B9A81CEADBADB5133EF,3
224398,11843,06/04/2021 11.42.00,,"33,89999997",Intimates,Wendy Glez Rose Cami Black,,60,Women,B451DA363BB08B9A81CEADBADB5133EF,3
302799,11843,28/09/2021 1.21.19,26/10/2021 12.44.19,"33,89999997",Intimates,Wendy Glez Rose Cami Black,,60,Women,B451DA363BB08B9A81CEADBADB5133EF,3
302800,11843,25/08/2021 7.24.00,,"33,89999997",Intimates,Wendy Glez Rose Cami Black,,60,Women,B451DA363BB08B9A81CEADBADB5133EF,3
302801,11843,21/08/2020 8.22.00,,"33,89999997",Intimates,Wendy Glez Rose Cami Black,,60,Women,B451DA363BB08B9A81CEADBADB5133EF,3
485178,11843,05/02/2020 6.04.41,20/03/2020 4.17.41,"33,89999997",Intimates,Wendy Glez Rose Cami Black,,60,Women,B451DA363BB08B9A81CEADBADB5133EF,3
485179,11843,03/06/2021 1.07.00,,"33,89999997",Intimates,Wendy Glez Rose Cami Black,,60,Women,B451DA363BB08B9A81CEADBADB5133EF,3
231188,1629,25/11/2022 5.16.05,24/12/2022 22.17.05,"23,57235049",Fashion Hoodies & Sweatshirts,Carhartt Women's Hooded Knit Jacket,,"45,95000076",Women,5C50B4DF4B176845CD235B6A510C6903,3
231189,1629,25/12/2020 9.43.00,,"23,57235049",Fashion Hoodies & Sweatshirts,Carhartt Women's Hooded Knit Jacket,,"45,95000076",Women,5C50B4DF4B176845CD235B6A510C6903,3
254494,1629,06/03/2023 3.18.29,12/04/2023 23.53.29,"23,57235049",Fashion Hoodies & Sweatshirts,Carhartt Women's Hooded Knit Jacket,,"45,95000076",Women,5C50B4DF4B176845CD235B6A510C6903,3
254495,1629,05/03/2023 11.56.00,,"23,57235049",Fashion Hoodies & Sweatshirts,Carhartt Women's Hooded Knit Jacket,,"45,95000076",Women,5C50B4DF4B176845CD235B6A510C6903,3
254496,1629,14/01/2022 13.14.00,,"23,57235049",Fashion Hoodies & Sweatshirts,Carhartt Women's Hooded Knit Jacket,,"45,95000076",Women,5C50B4DF4B176845CD235B6A510C6903,3
272133,1629,05/01/2023 22.14.06,01/03/2023 4.48.06,"23,57235049",Fashion Hoodies & Sweatshirts,Carhartt Women's Hooded Knit Jacket,,"45,95000076",Women,5C50B4DF4B176845CD235B6A510C6903,3
272134,1629,03/10/2020 15.24.00,,"23,57235049",Fashion Hoodies & Sweatshirts,Carhartt Women's Hooded Knit Jacket,,"45,95000076",Women,5C50B4DF4B176845CD235B6A510C6903,3
272135,1629,15/01/2020 9.09.00,,"23,57235049",Fashion Hoodies & Sweatshirts,Carhartt Women's Hooded Knit Jacket,,"45,95000076",Women,5C50B4DF4B176845CD235B6A510C6903,3
318827,1629,11/05/2023 3.17.23,18/06/2023 11.21.23,"23,57235049",Fashion Hoodies & Sweatshirts,Carhartt Women's Hooded Knit Jacket,,"45,95000076",Women,5C50B4DF4B176845CD235B6A510C6903,3
318828,1629,23/02/2020 1.43.00,,"23,57235049",Fashion Hoodies & Sweatshirts,Carhartt Women's Hooded Knit Jacket,,"45,95000076",Women,5C50B4DF4B176845CD235B6A510C6903,3
411062,1629,11/06/2022 20.13.45,27/07/2022 14.40.45,"23,57235049",Fashion Hoodies & Sweatshirts,Carhartt Women's Hooded Knit Jacket,,"45,95000076",Women,5C50B4DF4B176845CD235B6A510C6903,3
411063,1629,01/11/2021 11.49.00,,"23,57235049",Fashion Hoodies & Sweatshirts,Carhartt Women's Hooded Knit Jacket,,"45,95000076",Women,5C50B4DF4B176845CD235B6A510C6903,3
433222,1629,08/12/2022 2.17.31,24/12/2022 3.20.31,"23,57235049",Fashion Hoodies & Sweatshirts,Carhartt Women's Hooded Knit Jacket,,"45,95000076",Women,5C50B4DF4B176845CD235B6A510C6903,3
433223,1629,23/02/2022 10.57.00,,"23,57235049",Fashion Hoodies & Sweatshirts,Carhartt Women's Hooded Knit Jacket,,"45,95000076",Women,5C50B4DF4B176845CD235B6A510C6903,3
452141,1629,02/02/2023 20.45.09,01/04/2023 22.41.09,"23,57235049",Fashion Hoodies & Sweatshirts,Carhartt Women's Hooded Knit Jacket,,"45,95000076",Women,5C50B4DF4B176845CD235B6A510C6903,3
452142,1629,16/11/2022 8.28.00,,"23,57235049",Fashion Hoodies & Sweatshirts,Carhartt Women's Hooded Knit Jacket,,"45,95000076",Women,5C50B4DF4B176845CD235B6A510C6903,3
83844,13921,19/09/2022 19.40.14,11/11/2022 13.57.14,"1,64190001",Accessories,NEW Aluminum Credit Card Wallet - RFID Blocking Case - Pink (New Products),,"4,210000038",Women,0CBFF6DD75DF1F43E3ABAE409ED8A9FD,3
83845,13921,19/03/2022 4.59.00,,"1,64190001",Accessories,NEW Aluminum Credit Card Wallet - RFID Blocking Case - Pink (New Products),,"4,210000038",Women,0CBFF6DD75DF1F43E3ABAE409ED8A9FD,3
279046,13921,16/08/2021 3.21.48,17/09/2021 13.14.48,"1,64190001",Accessories,NEW Aluminum Credit Card Wallet - RFID Blocking Case - Pink (New Products),,"4,210000038",Women,0CBFF6DD75DF1F43E3ABAE409ED8A9FD,3
279047,13921,24/05/2020 14.42.00,,"1,64190001",Accessories,NEW Aluminum Credit Card Wallet - RFID Blocking Case - Pink (New Products),,"4,210000038",Women,0CBFF6DD75DF1F43E3ABAE409ED8A9FD,3
336683,13921,02/06/2022 21.02.13,14/06/2022 6.22.13,"1,64190001",Accessories,NEW Aluminum Credit Card Wallet - RFID Blocking Case - Pink (New Products),,"4,210000038",Women,0CBFF6DD75DF1F43E3ABAE409ED8A9FD,3
336684,13921,24/08/2020 13.41.00,,"1,64190001",Accessories,NEW Aluminum Credit Card Wallet - RFID Blocking Case - Pink (New Products),,"4,210000038",Women,0CBFF6DD75DF1F43E3ABAE409ED8A9FD,3
336685,13921,16/09/2020 10.15.00,,"1,64190001",Accessories,NEW Aluminum Credit Card Wallet - RFID Blocking Case - Pink (New Products),,"4,210000038",Women,0CBFF6DD75DF1F43E3ABAE409ED8A9FD,3
410074,13921,10/06/2023 16.43.28,05/07/2023 2.48.28,"1,64190001",Accessories,NEW Aluminum Credit Card Wallet - RFID Blocking Case - Pink (New Products),,"4,210000038",Women,0CBFF6DD75DF1F43E3ABAE409ED8A9FD,3
410075,13921,11/01/2020 7.30.00,,"1,64190001",Accessories,NEW Aluminum Credit Card Wallet - RFID Blocking Case - Pink (New Products),,"4,210000038",Women,0CBFF6DD75DF1F43E3ABAE409ED8A9FD,3
410076,13921,16/08/2022 8.42.00,,"1,64190001",Accessories,NEW Aluminum Credit Card Wallet - RFID Blocking Case - Pink (New Products),,"4,210000038",Women,0CBFF6DD75DF1F43E3ABAE409ED8A9FD,3
410077,13921,22/09/2022 9.14.00,,"1,64190001",Accessories,NEW Aluminum Credit Card Wallet - RFID Blocking Case - Pink (New Products),,"4,210000038",Women,0CBFF6DD75DF1F43E3ABAE409ED8A9FD,3
444909,13921,25/07/2022 23.24.36,26/08/2022 11.36.36,"1,64190001",Accessories,NEW Aluminum Credit Card Wallet - RFID Blocking Case - Pink (New Products),,"4,210000038",Women,0CBFF6DD75DF1F43E3ABAE409ED8A9FD,3
444910,13921,04/02/2020 15.10.00,,"1,64190001",Accessories,NEW Aluminum Credit Card Wallet - RFID Blocking Case - Pink (New Products),,"4,210000038",Women,0CBFF6DD75DF1F43E3ABAE409ED8A9FD,3
444911,13921,26/11/2022 17.59.00,,"1,64190001",Accessories,NEW Aluminum Credit Card Wallet - RFID Blocking Case - Pink (New Products),,"4,210000038",Women,0CBFF6DD75DF1F43E3ABAE409ED8A9FD,3
42780,25187,30/07/2022 7.58.31,31/08/2022 21.02.31,"14,42500004",Socks,SockGuy Men's Kokopelli Socks,,25,Men,43A4D135B5225238F2ADBF88DC810A6B,3
42781,25187,18/05/2022 15.53.00,,"14,42500004",Socks,SockGuy Men's Kokopelli Socks,,25,Men,43A4D135B5225238F2ADBF88DC810A6B,3
42782,25187,18/07/2021 10.29.00,,"14,42500004",Socks,SockGuy Men's Kokopelli Socks,,25,Men,43A4D135B5225238F2ADBF88DC810A6B,3
79091,25187,19/04/2023 13.01.54,19/05/2023 16.51.54,"14,42500004",Socks,SockGuy Men's Kokopelli Socks,,25,Men,43A4D135B5225238F2ADBF88DC810A6B,3
79092,25187,20/09/2022 8.37.00,,"14,42500004",Socks,SockGuy Men's Kokopelli Socks,,25,Men,43A4D135B5225238F2ADBF88DC810A6B,3
142065,25187,24/10/2021 19.53.53,17/12/2021 11.29.53,"14,42500004",Socks,SockGuy Men's Kokopelli Socks,,25,Men,43A4D135B5225238F2ADBF88DC810A6B,3
142066,25187,08/11/2021 2.07.00,,"14,42500004",Socks,SockGuy Men's Kokopelli Socks,,25,Men,43A4D135B5225238F2ADBF88DC810A6B,3
142067,25187,02/08/2021 5.53.00,,"14,42500004",Socks,SockGuy Men's Kokopelli Socks,,25,Men,43A4D135B5225238F2ADBF88DC810A6B,3
164825,25187,23/05/2022 19.24.27,12/06/2022 13.09.27,"14,42500004",Socks,SockGuy Men's Kokopelli Socks,,25,Men,43A4D135B5225238F2ADBF88DC810A6B,3
164826,25187,09/02/2021 8.56.00,,"14,42500004",Socks,SockGuy Men's Kokopelli Socks,,25,Men,43A4D135B5225238F2ADBF88DC810A6B,3
234016,25187,19/07/2022 20.48.23,28/08/2022 14.01.23,"14,42500004",Socks,SockGuy Men's Kokopelli Socks,,25,Men,43A4D135B5225238F2ADBF88DC810A6B,3
234017,25187,26/11/2022 17.06.00,,"14,42500004",Socks,SockGuy Men's Kokopelli Socks,,25,Men,43A4D135B5225238F2ADBF88DC810A6B,3
322302,25187,17/12/2022 16.13.23,28/01/2023 6.38.23,"14,42500004",Socks,SockGuy Men's Kokopelli Socks,,25,Men,43A4D135B5225238F2ADBF88DC810A6B,3
322303,25187,01/03/2023 11.51.00,,"14,42500004",Socks,SockGuy Men's Kokopelli Socks,,25,Men,43A4D135B5225238F2ADBF88DC810A6B,3
322304,25187,10/01/2022 15.01.00,,"14,42500004",Socks,SockGuy Men's Kokopelli Socks,,25,Men,43A4D135B5225238F2ADBF88DC810A6B,3
338010,25187,08/03/2022 17.36.13,18/04/2022 12.48.13,"14,42500004",Socks,SockGuy Men's Kokopelli Socks,,25,Men,43A4D135B5225238F2ADBF88DC810A6B,3
338011,25187,09/08/2020 13.24.00,,"14,42500004",Socks,SockGuy Men's Kokopelli Socks,,25,Men,43A4D135B5225238F2ADBF88DC810A6B,3
346213,25187,14/08/2022 3.07.28,03/09/2022 4.02.28,"14,42500004",Socks,SockGuy Men's Kokopelli Socks,,25,Men,43A4D135B5225238F2ADBF88DC810A6B,3
346214,25187,05/10/2020 9.37.00,,"14,42500004",Socks,SockGuy Men's Kokopelli Socks,,25,Men,43A4D135B5225238F2ADBF88DC810A6B,3
346215,25187,19/06/2023 2.03.00,,"14,42500004",Socks,SockGuy Men's Kokopelli Socks,,25,Men,43A4D135B5225238F2ADBF88DC810A6B,3
346216,25187,15/08/2020 2.14.00,,"14,42500004",Socks,SockGuy Men's Kokopelli Socks,,25,Men,43A4D135B5225238F2ADBF88DC810A6B,3
413613,25187,10/12/2021 11.26.47,14/01/2022 22.52.47,"14,42500004",Socks,SockGuy Men's Kokopelli Socks,,25,Men,43A4D135B5225238F2ADBF88DC810A6B,3
413614,25187,22/01/2020 9.43.00,,"14,42500004",Socks,SockGuy Men's Kokopelli Socks,,25,Men,43A4D135B5225238F2ADBF88DC810A6B,3
413615,25187,24/03/2023 9.01.00,,"14,42500004",Socks,SockGuy Men's Kokopelli Socks,,25,Men,43A4D135B5225238F2ADBF88DC810A6B,3
413616,25187,06/01/2023 10.58.00,,"14,42500004",Socks,SockGuy Men's Kokopelli Socks,,25,Men,43A4D135B5225238F2ADBF88DC810A6B,3
452635,25187,21/10/2022 21.37.05,03/11/2022 10.50.05,"14,42500004",Socks,SockGuy Men's Kokopelli Socks,,25,Men,43A4D135B5225238F2ADBF88DC810A6B,3
452636,25187,11/01/2020 9.32.00,,"14,42500004",Socks,SockGuy Men's Kokopelli Socks,,25,Men,43A4D135B5225238F2ADBF88DC810A6B,3
37614,10598,18/11/2020 14.06.46,08/01/2021 10.54.46,"9,616399957",Intimates,JMS Comfort Lace with Hidden Shaper,,"16,57999992",Women,E6FA05C07B144B6FF4D1FD1CD2BBB244,3
37615,10598,07/01/2021 3.27.00,,"9,616399957",Intimates,JMS Comfort Lace with Hidden Shaper,,"16,57999992",Women,E6FA05C07B144B6FF4D1FD1CD2BBB244,3
257982,10598,06/02/2022 15.14.40,27/02/2022 6.01.40,"9,616399957",Intimates,JMS Comfort Lace with Hidden Shaper,,"16,57999992",Women,E6FA05C07B144B6FF4D1FD1CD2BBB244,3
257983,10598,15/04/2020 16.02.00,,"9,616399957",Intimates,JMS Comfort Lace with Hidden Shaper,,"16,57999992",Women,E6FA05C07B144B6FF4D1FD1CD2BBB244,3
327980,10598,22/12/2022 4.11.41,25/12/2022 17.45.41,"9,616399957",Intimates,JMS Comfort Lace with Hidden Shaper,,"16,57999992",Women,E6FA05C07B144B6FF4D1FD1CD2BBB244,3
327981,10598,31/01/2022 17.21.00,,"9,616399957",Intimates,JMS Comfort Lace with Hidden Shaper,,"16,57999992",Women,E6FA05C07B144B6FF4D1FD1CD2BBB244,3
327982,10598,15/01/2023 5.02.00,,"9,616399957",Intimates,JMS Comfort Lace with Hidden Shaper,,"16,57999992",Women,E6FA05C07B144B6FF4D1FD1CD2BBB244,3
429647,10598,12/06/2023 22.20.09,08/07/2023 11.09.09,"9,616399957",Intimates,JMS Comfort Lace with Hidden Shaper,,"16,57999992",Women,E6FA05C07B144B6FF4D1FD1CD2BBB244,3
429648,10598,05/05/2020 7.25.00,,"9,616399957",Intimates,JMS Comfort Lace with Hidden Shaper,,"16,57999992",Women,E6FA05C07B144B6FF4D1FD1CD2BBB244,3
2244,15723,18/11/2019 11.18.19,24/12/2019 1.50.19,"4,875119887",Plus,Vintage Wayfarer Nerd Retro 80s Mirrored Sunglasses W132,,"9,989999771",Women,67F19FD0431CAC0AC7F8EA986BBF8B9B,3
2245,15723,06/04/2021 3.12.00,,"4,875119887",Plus,Vintage Wayfarer Nerd Retro 80s Mirrored Sunglasses W132,,"9,989999771",Women,67F19FD0431CAC0AC7F8EA986BBF8B9B,3
80299,15723,31/03/2020 3.34.39,19/05/2020 0.12.39,"4,875119887",Plus,Vintage Wayfarer Nerd Retro 80s Mirrored Sunglasses W132,,"9,989999771",Women,67F19FD0431CAC0AC7F8EA986BBF8B9B,3
80300,15723,15/11/2021 11.20.00,,"4,875119887",Plus,Vintage Wayfarer Nerd Retro 80s Mirrored Sunglasses W132,,"9,989999771",Women,67F19FD0431CAC0AC7F8EA986BBF8B9B,3
80301,15723,13/02/2021 15.40.00,,"4,875119887",Plus,Vintage Wayfarer Nerd Retro 80s Mirrored Sunglasses W132,,"9,989999771",Women,67F19FD0431CAC0AC7F8EA986BBF8B9B,3
98123,15723,01/10/2022 13.12.57,17/10/2022 14.07.57,"4,875119887",Plus,Vintage Wayfarer Nerd Retro 80s Mirrored Sunglasses W132,,"9,989999771",Women,67F19FD0431CAC0AC7F8EA986BBF8B9B,3
98124,15723,31/08/2021 12.36.00,,"4,875119887",Plus,Vintage Wayfarer Nerd Retro 80s Mirrored Sunglasses W132,,"9,989999771",Women,67F19FD0431CAC0AC7F8EA986BBF8B9B,3
98125,15723,15/04/2023 11.51.00,,"4,875119887",Plus,Vintage Wayfarer Nerd Retro 80s Mirrored Sunglasses W132,,"9,989999771",Women,67F19FD0431CAC0AC7F8EA986BBF8B9B,3
118362,15723,20/04/2021 17.26.10,05/06/2021 0.40.10,"4,875119887",Plus,Vintage Wayfarer Nerd Retro 80s Mirrored Sunglasses W132,,"9,989999771",Women,67F19FD0431CAC0AC7F8EA986BBF8B9B,3
118363,15723,16/06/2022 13.46.00,,"4,875119887",Plus,Vintage Wayfarer Nerd Retro 80s Mirrored Sunglasses W132,,"9,989999771",Women,67F19FD0431CAC0AC7F8EA986BBF8B9B,3
186283,15723,30/07/2022 23.02.43,16/08/2022 0.40.43,"4,875119887",Plus,Vintage Wayfarer Nerd Retro 80s Mirrored Sunglasses W132,,"9,989999771",Women,67F19FD0431CAC0AC7F8EA986BBF8B9B,3
186284,15723,14/09/2021 14.44.00,,"4,875119887",Plus,Vintage Wayfarer Nerd Retro 80s Mirrored Sunglasses W132,,"9,989999771",Women,67F19FD0431CAC0AC7F8EA986BBF8B9B,3
186285,15723,21/03/2020 5.44.00,,"4,875119887",Plus,Vintage Wayfarer Nerd Retro 80s Mirrored Sunglasses W132,,"9,989999771",Women,67F19FD0431CAC0AC7F8EA986BBF8B9B,3
186286,15723,09/12/2021 9.00.00,,"4,875119887",Plus,Vintage Wayfarer Nerd Retro 80s Mirrored Sunglasses W132,,"9,989999771",Women,67F19FD0431CAC0AC7F8EA986BBF8B9B,3
372878,11389,14/12/2020 11.26.40,02/01/2021 10.54.40,"12,51199999",Intimates,Shadowline 36 Flare Half Slip (47116),,23,Women,47C6D232C6A4468118A74A72097B1876,3
372879,11389,06/04/2021 17.02.00,,"12,51199999",Intimates,Shadowline 36 Flare Half Slip (47116),,23,Women,47C6D232C6A4468118A74A72097B1876,3
372880,11389,18/03/2021 11.13.00,,"12,51199999",Intimates,Shadowline 36 Flare Half Slip (47116),,23,Women,47C6D232C6A4468118A74A72097B1876,3
7153,15757,12/01/2023 21.32.44,27/02/2023 2.14.44,"2,235510018",Plus,NEW Aluminum Credit Card Wallet - RFID Blocking Case - Pink (New Products),,"4,210000038",Women,054826216783428249A279BA5B984315,3
7154,15757,10/10/2022 6.41.00,,"2,235510018",Plus,NEW Aluminum Credit Card Wallet - RFID Blocking Case - Pink (New Products),,"4,210000038",Women,054826216783428249A279BA5B984315,3
262369,15757,23/02/2023 11.23.27,23/03/2023 4.43.27,"2,235510018",Plus,NEW Aluminum Credit Card Wallet - RFID Blocking Case - Pink (New Products),,"4,210000038",Women,054826216783428249A279BA5B984315,3
262370,15757,01/02/2022 6.15.00,,"2,235510018",Plus,NEW Aluminum Credit Card Wallet - RFID Blocking Case - Pink (New Products),,"4,210000038",Women,054826216783428249A279BA5B984315,3
323627,15757,30/03/2023 19.54.29,30/04/2023 4.20.29,"2,235510018",Plus,NEW Aluminum Credit Card Wallet - RFID Blocking Case - Pink (New Products),,"4,210000038",Women,054826216783428249A279BA5B984315,3
323628,15757,26/06/2021 12.25.00,,"2,235510018",Plus,NEW Aluminum Credit Card Wallet - RFID Blocking Case - Pink (New Products),,"4,210000038",Women,054826216783428249A279BA5B984315,3
323629,15757,23/11/2021 11.37.00,,"2,235510018",Plus,NEW Aluminum Credit Card Wallet - RFID Blocking Case - Pink (New Products),,"4,210000038",Women,054826216783428249A279BA5B984315,3
338765,15757,04/07/2023 6.30.43,05/07/2023 13.38.43,"2,235510018",Plus,NEW Aluminum Credit Card Wallet - RFID Blocking Case - Pink (New Products),,"4,210000038",Women,054826216783428249A279BA5B984315,3
338766,15757,22/09/2022 7.25.00,,"2,235510018",Plus,NEW Aluminum Credit Card Wallet - RFID Blocking Case - Pink (New Products),,"4,210000038",Women,054826216783428249A279BA5B984315,3
338767,15757,24/01/2022 0.36.00,,"2,235510018",Plus,NEW Aluminum Credit Card Wallet - RFID Blocking Case - Pink (New Products),,"4,210000038",Women,054826216783428249A279BA5B984315,3
338768,15757,18/09/2021 3.58.00,,"2,235510018",Plus,NEW Aluminum Credit Card Wallet - RFID Blocking Case - Pink (New Products),,"4,210000038",Women,054826216783428249A279BA5B984315,3
129237,11668,07/06/2020 15.48.01,30/06/2020 3.13.01,"18,66240072",Intimates,Everyday Comfort Cami,,"38,40000153",Women,67E4423AFD0FFD2F451890C0888E6F33,3
129238,11668,28/07/2022 16.23.00,,"18,66240072",Intimates,Everyday Comfort Cami,,"38,40000153",Women,67E4423AFD0FFD2F451890C0888E6F33,3
129239,11668,16/08/2021 7.49.00,,"18,66240072",Intimates,Everyday Comfort Cami,,"38,40000153",Women,67E4423AFD0FFD2F451890C0888E6F33,3
129240,11668,10/01/2022 3.03.00,,"18,66240072",Intimates,Everyday Comfort Cami,,"38,40000153",Women,67E4423AFD0FFD2F451890C0888E6F33,3
221630,11668,26/08/2022 9.40.12,09/09/2022 17.27.12,"18,66240072",Intimates,Everyday Comfort Cami,,"38,40000153",Women,67E4423AFD0FFD2F451890C0888E6F33,3
221631,11668,31/07/2022 16.43.00,,"18,66240072",Intimates,Everyday Comfort Cami,,"38,40000153",Women,67E4423AFD0FFD2F451890C0888E6F33,3
224368,11668,04/05/2021 5.09.03,23/06/2021 16.09.03,"18,66240072",Intimates,Everyday Comfort Cami,,"38,40000153",Women,67E4423AFD0FFD2F451890C0888E6F33,3
224369,11668,02/06/2021 2.30.00,,"18,66240072",Intimates,Everyday Comfort Cami,,"38,40000153",Women,67E4423AFD0FFD2F451890C0888E6F33,3
224370,11668,10/04/2021 3.22.00,,"18,66240072",Intimates,Everyday Comfort Cami,,"38,40000153",Women,67E4423AFD0FFD2F451890C0888E6F33,3
355601,11668,06/12/2022 20.14.15,05/01/2023 10.52.15,"18,66240072",Intimates,Everyday Comfort Cami,,"38,40000153",Women,67E4423AFD0FFD2F451890C0888E6F33,3
355602,11668,12/03/2020 5.45.00,,"18,66240072",Intimates,Everyday Comfort Cami,,"38,40000153",Women,67E4423AFD0FFD2F451890C0888E6F33,3
355603,11668,04/02/2021 9.49.00,,"18,66240072",Intimates,Everyday Comfort Cami,,"38,40000153",Women,67E4423AFD0FFD2F451890C0888E6F33,3
436168,11668,17/07/2021 1.13.35,13/08/2021 23.49.35,"18,66240072",Intimates,Everyday Comfort Cami,,"38,40000153",Women,67E4423AFD0FFD2F451890C0888E6F33,3
436169,11668,22/05/2020 11.28.00,,"18,66240072",Intimates,Everyday Comfort Cami,,"38,40000153",Women,67E4423AFD0FFD2F451890C0888E6F33,3
462488,11668,17/02/2021 19.37.54,07/03/2021 10.29.54,"18,66240072",Intimates,Everyday Comfort Cami,,"38,40000153",Women,67E4423AFD0FFD2F451890C0888E6F33,3
462489,11668,19/04/2020 8.31.00,,"18,66240072",Intimates,Everyday Comfort Cami,,"38,40000153",Women,67E4423AFD0FFD2F451890C0888E6F33,3
462490,11668,19/01/2022 16.59.00,,"18,66240072",Intimates,Everyday Comfort Cami,,"38,40000153",Women,67E4423AFD0FFD2F451890C0888E6F33,3
139418,27543,23/04/2021 6.39.33,17/05/2021 7.18.33,"19,87200004",Swim,Harbor Bay Big & Tall Swim Rash Guard,,36,Men,50E9EA9C1BC5E6067AB7C0D8FBDD5F21,3
139419,27543,16/05/2022 7.35.00,,"19,87200004",Swim,Harbor Bay Big & Tall Swim Rash Guard,,36,Men,50E9EA9C1BC5E6067AB7C0D8FBDD5F21,3
139420,27543,31/03/2021 9.43.00,,"19,87200004",Swim,Harbor Bay Big & Tall Swim Rash Guard,,36,Men,50E9EA9C1BC5E6067AB7C0D8FBDD5F21,3
176095,27543,25/01/2022 18.34.31,02/02/2022 14.25.31,"19,87200004",Swim,Harbor Bay Big & Tall Swim Rash Guard,,36,Men,50E9EA9C1BC5E6067AB7C0D8FBDD5F21,3
176096,27543,29/06/2020 4.47.00,,"19,87200004",Swim,Harbor Bay Big & Tall Swim Rash Guard,,36,Men,50E9EA9C1BC5E6067AB7C0D8FBDD5F21,3
176097,27543,16/11/2020 11.33.00,,"19,87200004",Swim,Harbor Bay Big & Tall Swim Rash Guard,,36,Men,50E9EA9C1BC5E6067AB7C0D8FBDD5F21,3
176098,27543,19/01/2022 2.18.00,,"19,87200004",Swim,Harbor Bay Big & Tall Swim Rash Guard,,36,Men,50E9EA9C1BC5E6067AB7C0D8FBDD5F21,3
247223,27543,29/03/2023 5.32.24,01/05/2023 12.32.24,"19,87200004",Swim,Harbor Bay Big & Tall Swim Rash Guard,,36,Men,50E9EA9C1BC5E6067AB7C0D8FBDD5F21,3
247224,27543,25/10/2020 16.02.00,,"19,87200004",Swim,Harbor Bay Big & Tall Swim Rash Guard,,36,Men,50E9EA9C1BC5E6067AB7C0D8FBDD5F21,3
326237,27543,10/01/2023 15.41.53,14/02/2023 22.40.53,"19,87200004",Swim,Harbor Bay Big & Tall Swim Rash Guard,,36,Men,50E9EA9C1BC5E6067AB7C0D8FBDD5F21,3
326238,27543,11/09/2020 9.29.00,,"19,87200004",Swim,Harbor Bay Big & Tall Swim Rash Guard,,36,Men,50E9EA9C1BC5E6067AB7C0D8FBDD5F21,3
326239,27543,06/01/2021 8.23.00,,"19,87200004",Swim,Harbor Bay Big & Tall Swim Rash Guard,,36,Men,50E9EA9C1BC5E6067AB7C0D8FBDD5F21,3
451902,27543,20/02/2022 1.44.28,30/03/2022 14.12.28,"19,87200004",Swim,Harbor Bay Big & Tall Swim Rash Guard,,36,Men,50E9EA9C1BC5E6067AB7C0D8FBDD5F21,3
451903,27543,06/12/2020 10.14.00,,"19,87200004",Swim,Harbor Bay Big & Tall Swim Rash Guard,,36,Men,50E9EA9C1BC5E6067AB7C0D8FBDD5F21,3
23783,8600,23/10/2022 1.08.53,02/12/2022 2.43.53,"16,01555072",Outerwear & Coats,Women's Micro Fleece Vest (up to size 4X),,"35,99000168",Women,CE840AA9583592E71F3DB26EE6E41703,3
23784,8600,22/03/2020 7.29.00,,"16,01555072",Outerwear & Coats,Women's Micro Fleece Vest (up to size 4X),,"35,99000168",Women,CE840AA9583592E71F3DB26EE6E41703,3
23785,8600,29/09/2022 12.54.00,,"16,01555072",Outerwear & Coats,Women's Micro Fleece Vest (up to size 4X),,"35,99000168",Women,CE840AA9583592E71F3DB26EE6E41703,3
82846,8600,16/04/2021 5.43.12,12/06/2021 5.31.12,"16,01555072",Outerwear & Coats,Women's Micro Fleece Vest (up to size 4X),,"35,99000168",Women,CE840AA9583592E71F3DB26EE6E41703,3
82847,8600,19/01/2023 14.26.00,,"16,01555072",Outerwear & Coats,Women's Micro Fleece Vest (up to size 4X),,"35,99000168",Women,CE840AA9583592E71F3DB26EE6E41703,3
89600,8600,14/04/2023 3.46.08,04/06/2023 0.45.08,"16,01555072",Outerwear & Coats,Women's Micro Fleece Vest (up to size 4X),,"35,99000168",Women,CE840AA9583592E71F3DB26EE6E41703,3
89601,8600,16/07/2020 9.31.00,,"16,01555072",Outerwear & Coats,Women's Micro Fleece Vest (up to size 4X),,"35,99000168",Women,CE840AA9583592E71F3DB26EE6E41703,3
203438,8600,28/09/2021 18.16.54,29/10/2021 13.34.54,"16,01555072",Outerwear & Coats,Women's Micro Fleece Vest (up to size 4X),,"35,99000168",Women,CE840AA9583592E71F3DB26EE6E41703,3
203439,8600,15/11/2021 16.44.00,,"16,01555072",Outerwear & Coats,Women's Micro Fleece Vest (up to size 4X),,"35,99000168",Women,CE840AA9583592E71F3DB26EE6E41703,3
332055,8600,20/12/2021 14.24.13,25/12/2021 14.08.13,"16,01555072",Outerwear & Coats,Women's Micro Fleece Vest (up to size 4X),,"35,99000168",Women,CE840AA9583592E71F3DB26EE6E41703,3
332056,8600,07/10/2020 17.04.00,,"16,01555072",Outerwear & Coats,Women's Micro Fleece Vest (up to size 4X),,"35,99000168",Women,CE840AA9583592E71F3DB26EE6E41703,3
332057,8600,05/01/2021 18.00.00,,"16,01555072",Outerwear & Coats,Women's Micro Fleece Vest (up to size 4X),,"35,99000168",Women,CE840AA9583592E71F3DB26EE6E41703,3
332058,8600,02/06/2023 0.31.00,,"16,01555072",Outerwear & Coats,Women's Micro Fleece Vest (up to size 4X),,"35,99000168",Women,CE840AA9583592E71F3DB26EE6E41703,3
410881,8600,21/11/2021 4.05.50,22/12/2021 4.23.50,"16,01555072",Outerwear & Coats,Women's Micro Fleece Vest (up to size 4X),,"35,99000168",Women,CE840AA9583592E71F3DB26EE6E41703,3
410882,8600,14/03/2022 13.42.00,,"16,01555072",Outerwear & Coats,Women's Micro Fleece Vest (up to size 4X),,"35,99000168",Women,CE840AA9583592E71F3DB26EE6E41703,3
192044,27288,09/04/2021 12.29.34,17/04/2021 7.04.34,"12,72660988",Sleep & Lounge,White and Black Check Dot VIP Flannel Pants for lounging sleep sports. Unisex relaxed fit,,"28,98999977",Men,97FB74BBDD02677ADC1A871FDD16AC7A,3
192045,27288,05/02/2022 4.00.00,,"12,72660988",Sleep & Lounge,White and Black Check Dot VIP Flannel Pants for lounging sleep sports. Unisex relaxed fit,,"28,98999977",Men,97FB74BBDD02677ADC1A871FDD16AC7A,3
213310,27288,21/03/2021 17.54.37,28/04/2021 2.53.37,"12,72660988",Sleep & Lounge,White and Black Check Dot VIP Flannel Pants for lounging sleep sports. Unisex relaxed fit,,"28,98999977",Men,97FB74BBDD02677ADC1A871FDD16AC7A,3
213311,27288,07/05/2022 14.45.00,,"12,72660988",Sleep & Lounge,White and Black Check Dot VIP Flannel Pants for lounging sleep sports. Unisex relaxed fit,,"28,98999977",Men,97FB74BBDD02677ADC1A871FDD16AC7A,3
294678,27288,24/11/2020 15.35.16,24/12/2020 6.30.16,"12,72660988",Sleep & Lounge,White and Black Check Dot VIP Flannel Pants for lounging sleep sports. Unisex relaxed fit,,"28,98999977",Men,97FB74BBDD02677ADC1A871FDD16AC7A,3
294679,27288,07/04/2020 13.41.00,,"12,72660988",Sleep & Lounge,White and Black Check Dot VIP Flannel Pants for lounging sleep sports. Unisex relaxed fit,,"28,98999977",Men,97FB74BBDD02677ADC1A871FDD16AC7A,3
294680,27288,18/06/2021 14.28.00,,"12,72660988",Sleep & Lounge,White and Black Check Dot VIP Flannel Pants for lounging sleep sports. Unisex relaxed fit,,"28,98999977",Men,97FB74BBDD02677ADC1A871FDD16AC7A,3
321390,27288,24/07/2022 1.27.14,03/09/2022 1.37.14,"12,72660988",Sleep & Lounge,White and Black Check Dot VIP Flannel Pants for lounging sleep sports. Unisex relaxed fit,,"28,98999977",Men,97FB74BBDD02677ADC1A871FDD16AC7A,3
321391,27288,06/01/2020 4.06.00,,"12,72660988",Sleep & Lounge,White and Black Check Dot VIP Flannel Pants for lounging sleep sports. Unisex relaxed fit,,"28,98999977",Men,97FB74BBDD02677ADC1A871FDD16AC7A,3
321392,27288,12/01/2021 4.36.00,,"12,72660988",Sleep & Lounge,White and Black Check Dot VIP Flannel Pants for lounging sleep sports. Unisex relaxed fit,,"28,98999977",Men,97FB74BBDD02677ADC1A871FDD16AC7A,3
321393,27288,25/06/2022 8.08.00,,"12,72660988",Sleep & Lounge,White and Black Check Dot VIP Flannel Pants for lounging sleep sports. Unisex relaxed fit,,"28,98999977",Men,97FB74BBDD02677ADC1A871FDD16AC7A,3
397409,27288,18/01/2021 20.33.12,19/03/2021 12.44.12,"12,72660988",Sleep & Lounge,White and Black Check Dot VIP Flannel Pants for lounging sleep sports. Unisex relaxed fit,,"28,98999977",Men,97FB74BBDD02677ADC1A871FDD16AC7A,3
397410,27288,06/05/2020 2.52.00,,"12,72660988",Sleep & Lounge,White and Black Check Dot VIP Flannel Pants for lounging sleep sports. Unisex relaxed fit,,"28,98999977",Men,97FB74BBDD02677ADC1A871FDD16AC7A,3
441696,27288,31/05/2023 11.08.58,08/07/2023 4.17.58,"12,72660988",Sleep & Lounge,White and Black Check Dot VIP Flannel Pants for lounging sleep sports. Unisex relaxed fit,,"28,98999977",Men,97FB74BBDD02677ADC1A871FDD16AC7A,3
441697,27288,21/08/2021 2.48.00,,"12,72660988",Sleep & Lounge,White and Black Check Dot VIP Flannel Pants for lounging sleep sports. Unisex relaxed fit,,"28,98999977",Men,97FB74BBDD02677ADC1A871FDD16AC7A,3
213938,16559,03/01/2023 14.43.21,13/01/2023 6.15.21,"14,94424982",Tops & Tees,Gildan Adult Ultra CottonTM Sleeveless T-Shirt,,"25,98999977",Men,DC0FC2D90D6102BA02D0206857EAAC51,3
213939,16559,20/06/2022 13.26.00,,"14,94424982",Tops & Tees,Gildan Adult Ultra CottonTM Sleeveless T-Shirt,,"25,98999977",Men,DC0FC2D90D6102BA02D0206857EAAC51,3
238677,16559,16/02/2022 13.07.12,03/03/2022 3.22.12,"14,94424982",Tops & Tees,Gildan Adult Ultra CottonTM Sleeveless T-Shirt,,"25,98999977",Men,DC0FC2D90D6102BA02D0206857EAAC51,3
238678,16559,20/04/2021 3.03.00,,"14,94424982",Tops & Tees,Gildan Adult Ultra CottonTM Sleeveless T-Shirt,,"25,98999977",Men,DC0FC2D90D6102BA02D0206857EAAC51,3
329152,16559,18/12/2022 5.34.59,25/01/2023 15.07.59,"14,94424982",Tops & Tees,Gildan Adult Ultra CottonTM Sleeveless T-Shirt,,"25,98999977",Men,DC0FC2D90D6102BA02D0206857EAAC51,3
329153,16559,17/05/2023 13.21.00,,"14,94424982",Tops & Tees,Gildan Adult Ultra CottonTM Sleeveless T-Shirt,,"25,98999977",Men,DC0FC2D90D6102BA02D0206857EAAC51,3
347046,16559,30/09/2022 20.22.05,02/11/2022 10.32.05,"14,94424982",Tops & Tees,Gildan Adult Ultra CottonTM Sleeveless T-Shirt,,"25,98999977",Men,DC0FC2D90D6102BA02D0206857EAAC51,3
347047,16559,16/03/2022 6.45.00,,"14,94424982",Tops & Tees,Gildan Adult Ultra CottonTM Sleeveless T-Shirt,,"25,98999977",Men,DC0FC2D90D6102BA02D0206857EAAC51,3
347048,16559,11/05/2021 11.57.00,,"14,94424982",Tops & Tees,Gildan Adult Ultra CottonTM Sleeveless T-Shirt,,"25,98999977",Men,DC0FC2D90D6102BA02D0206857EAAC51,3
354218,16559,01/10/2021 23.33.34,25/11/2021 7.55.34,"14,94424982",Tops & Tees,Gildan Adult Ultra CottonTM Sleeveless T-Shirt,,"25,98999977",Men,DC0FC2D90D6102BA02D0206857EAAC51,3
354219,16559,23/02/2021 10.57.00,,"14,94424982",Tops & Tees,Gildan Adult Ultra CottonTM Sleeveless T-Shirt,,"25,98999977",Men,DC0FC2D90D6102BA02D0206857EAAC51,3
354220,16559,19/04/2023 2.12.00,,"14,94424982",Tops & Tees,Gildan Adult Ultra CottonTM Sleeveless T-Shirt,,"25,98999977",Men,DC0FC2D90D6102BA02D0206857EAAC51,3
362247,16559,16/09/2019 21.09.09,26/10/2019 13.57.09,"14,94424982",Tops & Tees,Gildan Adult Ultra CottonTM Sleeveless T-Shirt,,"25,98999977",Men,DC0FC2D90D6102BA02D0206857EAAC51,3
362248,16559,15/04/2022 16.54.00,,"14,94424982",Tops & Tees,Gildan Adult Ultra CottonTM Sleeveless T-Shirt,,"25,98999977",Men,DC0FC2D90D6102BA02D0206857EAAC51,3
444941,16559,11/11/2022 0.43.30,16/11/2022 11.04.30,"14,94424982",Tops & Tees,Gildan Adult Ultra CottonTM Sleeveless T-Shirt,,"25,98999977",Men,DC0FC2D90D6102BA02D0206857EAAC51,3
444942,16559,05/07/2023 15.06.00,,"14,94424982",Tops & Tees,Gildan Adult Ultra CottonTM Sleeveless T-Shirt,,"25,98999977",Men,DC0FC2D90D6102BA02D0206857EAAC51,3
450030,16559,25/08/2021 1.43.32,29/08/2021 8.46.32,"14,94424982",Tops & Tees,Gildan Adult Ultra CottonTM Sleeveless T-Shirt,,"25,98999977",Men,DC0FC2D90D6102BA02D0206857EAAC51,3
450031,16559,25/04/2021 9.36.00,,"14,94424982",Tops & Tees,Gildan Adult Ultra CottonTM Sleeveless T-Shirt,,"25,98999977",Men,DC0FC2D90D6102BA02D0206857EAAC51,3
71902,16309,11/06/2021 9.45.50,29/06/2021 0.52.50,"11,51999999",Tops & Tees,Hurley Men's One and Only Short Sleeve Tee,,20,Men,88E0F16114A1E011C87B797513095A20,3
71903,16309,23/10/2021 15.23.00,,"11,51999999",Tops & Tees,Hurley Men's One and Only Short Sleeve Tee,,20,Men,88E0F16114A1E011C87B797513095A20,3
71904,16309,26/03/2023 17.17.00,,"11,51999999",Tops & Tees,Hurley Men's One and Only Short Sleeve Tee,,20,Men,88E0F16114A1E011C87B797513095A20,3
91109,16309,10/10/2022 23.25.07,25/11/2022 20.32.07,"11,51999999",Tops & Tees,Hurley Men's One and Only Short Sleeve Tee,,20,Men,88E0F16114A1E011C87B797513095A20,3
91110,16309,15/04/2023 5.50.00,,"11,51999999",Tops & Tees,Hurley Men's One and Only Short Sleeve Tee,,20,Men,88E0F16114A1E011C87B797513095A20,3
128816,16309,26/04/2021 19.44.43,07/06/2021 3.24.43,"11,51999999",Tops & Tees,Hurley Men's One and Only Short Sleeve Tee,,20,Men,88E0F16114A1E011C87B797513095A20,3
128817,16309,19/04/2021 4.33.00,,"11,51999999",Tops & Tees,Hurley Men's One and Only Short Sleeve Tee,,20,Men,88E0F16114A1E011C87B797513095A20,3
132212,16309,18/02/2023 16.28.00,10/04/2023 5.53.00,"11,51999999",Tops & Tees,Hurley Men's One and Only Short Sleeve Tee,,20,Men,88E0F16114A1E011C87B797513095A20,3
132213,16309,05/01/2021 6.33.00,,"11,51999999",Tops & Tees,Hurley Men's One and Only Short Sleeve Tee,,20,Men,88E0F16114A1E011C87B797513095A20,3
158329,16309,03/04/2023 11.23.28,20/05/2023 12.15.28,"11,51999999",Tops & Tees,Hurley Men's One and Only Short Sleeve Tee,,20,Men,88E0F16114A1E011C87B797513095A20,3
158330,16309,27/05/2020 12.26.00,,"11,51999999",Tops & Tees,Hurley Men's One and Only Short Sleeve Tee,,20,Men,88E0F16114A1E011C87B797513095A20,3
183391,16309,18/04/2023 21.34.25,06/06/2023 13.16.25,"11,51999999",Tops & Tees,Hurley Men's One and Only Short Sleeve Tee,,20,Men,88E0F16114A1E011C87B797513095A20,3
183392,16309,20/01/2020 7.27.00,,"11,51999999",Tops & Tees,Hurley Men's One and Only Short Sleeve Tee,,20,Men,88E0F16114A1E011C87B797513095A20,3
205406,16309,08/04/2020 22.12.21,16/05/2020 13.36.21,"11,51999999",Tops & Tees,Hurley Men's One and Only Short Sleeve Tee,,20,Men,88E0F16114A1E011C87B797513095A20,3
205407,16309,29/12/2022 8.29.00,,"11,51999999",Tops & Tees,Hurley Men's One and Only Short Sleeve Tee,,20,Men,88E0F16114A1E011C87B797513095A20,3
205408,16309,24/01/2022 15.16.00,,"11,51999999",Tops & Tees,Hurley Men's One and Only Short Sleeve Tee,,20,Men,88E0F16114A1E011C87B797513095A20,3
250610,16309,15/12/2022 19.52.45,18/01/2023 11.52.45,"11,51999999",Tops & Tees,Hurley Men's One and Only Short Sleeve Tee,,20,Men,88E0F16114A1E011C87B797513095A20,3
250611,16309,17/06/2021 14.00.00,,"11,51999999",Tops & Tees,Hurley Men's One and Only Short Sleeve Tee,,20,Men,88E0F16114A1E011C87B797513095A20,3
255651,16309,12/11/2020 19.48.20,06/12/2020 12.53.20,"11,51999999",Tops & Tees,Hurley Men's One and Only Short Sleeve Tee,,20,Men,88E0F16114A1E011C87B797513095A20,3
255652,16309,28/05/2022 13.18.00,,"11,51999999",Tops & Tees,Hurley Men's One and Only Short Sleeve Tee,,20,Men,88E0F16114A1E011C87B797513095A20,3
318385,16309,16/08/2020 16.57.42,15/09/2020 1.47.42,"11,51999999",Tops & Tees,Hurley Men's One and Only Short Sleeve Tee,,20,Men,88E0F16114A1E011C87B797513095A20,3
318386,16309,17/12/2021 2.36.00,,"11,51999999",Tops & Tees,Hurley Men's One and Only Short Sleeve Tee,,20,Men,88E0F16114A1E011C87B797513095A20,3
408113,16309,25/07/2021 10.05.10,29/08/2021 7.03.10,"11,51999999",Tops & Tees,Hurley Men's One and Only Short Sleeve Tee,,20,Men,88E0F16114A1E011C87B797513095A20,3
408114,16309,12/10/2022 9.01.00,,"11,51999999",Tops & Tees,Hurley Men's One and Only Short Sleeve Tee,,20,Men,88E0F16114A1E011C87B797513095A20,3
418733,16309,30/04/2023 10.20.51,13/05/2023 7.49.51,"11,51999999",Tops & Tees,Hurley Men's One and Only Short Sleeve Tee,,20,Men,88E0F16114A1E011C87B797513095A20,3
418734,16309,11/06/2021 5.05.00,,"11,51999999",Tops & Tees,Hurley Men's One and Only Short Sleeve Tee,,20,Men,88E0F16114A1E011C87B797513095A20,3
431607,16309,13/05/2023 9.43.21,28/05/2023 1.51.21,"11,51999999",Tops & Tees,Hurley Men's One and Only Short Sleeve Tee,,20,Men,88E0F16114A1E011C87B797513095A20,3
431608,16309,24/08/2021 18.38.00,,"11,51999999",Tops & Tees,Hurley Men's One and Only Short Sleeve Tee,,20,Men,88E0F16114A1E011C87B797513095A20,3
489497,16309,15/03/2023 20.38.55,30/04/2023 8.27.55,"11,51999999",Tops & Tees,Hurley Men's One and Only Short Sleeve Tee,,20,Men,88E0F16114A1E011C87B797513095A20,3
489498,16309,03/12/2021 3.03.00,,"11,51999999",Tops & Tees,Hurley Men's One and Only Short Sleeve Tee,,20,Men,88E0F16114A1E011C87B797513095A20,3
489499,16309,21/01/2020 17.16.00,,"11,51999999",Tops & Tees,Hurley Men's One and Only Short Sleeve Tee,,20,Men,88E0F16114A1E011C87B797513095A20,3
35122,21207,10/12/2022 13.24.54,19/12/2022 4.49.54,"30,7543503",Jeans,Ariat 9424 Men's M4 Low Rise Boot Tumbled,,"59,95000076",Men,A59687B426E9EB30465997EB54862A2E,3
35123,21207,11/12/2022 17.53.00,,"30,7543503",Jeans,Ariat 9424 Men's M4 Low Rise Boot Tumbled,,"59,95000076",Men,A59687B426E9EB30465997EB54862A2E,3
35124,21207,13/06/2021 12.12.00,,"30,7543503",Jeans,Ariat 9424 Men's M4 Low Rise Boot Tumbled,,"59,95000076",Men,A59687B426E9EB30465997EB54862A2E,3
89768,21207,06/04/2020 23.00.15,13/04/2020 15.08.15,"30,7543503",Jeans,Ariat 9424 Men's M4 Low Rise Boot Tumbled,,"59,95000076",Men,A59687B426E9EB30465997EB54862A2E,3
89769,21207,22/10/2022 12.29.00,,"30,7543503",Jeans,Ariat 9424 Men's M4 Low Rise Boot Tumbled,,"59,95000076",Men,A59687B426E9EB30465997EB54862A2E,3
212632,21207,22/01/2021 0.13.54,18/03/2021 7.27.54,"30,7543503",Jeans,Ariat 9424 Men's M4 Low Rise Boot Tumbled,,"59,95000076",Men,A59687B426E9EB30465997EB54862A2E,3
212633,21207,29/05/2021 11.54.00,,"30,7543503",Jeans,Ariat 9424 Men's M4 Low Rise Boot Tumbled,,"59,95000076",Men,A59687B426E9EB30465997EB54862A2E,3
221690,21207,07/10/2022 4.04.52,15/11/2022 7.33.52,"30,7543503",Jeans,Ariat 9424 Men's M4 Low Rise Boot Tumbled,,"59,95000076",Men,A59687B426E9EB30465997EB54862A2E,3
221691,21207,17/12/2020 8.21.00,,"30,7543503",Jeans,Ariat 9424 Men's M4 Low Rise Boot Tumbled,,"59,95000076",Men,A59687B426E9EB30465997EB54862A2E,3
254841,21207,26/12/2021 15.17.00,14/01/2022 9.49.00,"30,7543503",Jeans,Ariat 9424 Men's M4 Low Rise Boot Tumbled,,"59,95000076",Men,A59687B426E9EB30465997EB54862A2E,3
254842,21207,27/06/2021 13.31.00,,"30,7543503",Jeans,Ariat 9424 Men's M4 Low Rise Boot Tumbled,,"59,95000076",Men,A59687B426E9EB30465997EB54862A2E,3
254843,21207,03/11/2022 3.16.00,,"30,7543503",Jeans,Ariat 9424 Men's M4 Low Rise Boot Tumbled,,"59,95000076",Men,A59687B426E9EB30465997EB54862A2E,3
254844,21207,03/05/2021 17.02.00,,"30,7543503",Jeans,Ariat 9424 Men's M4 Low Rise Boot Tumbled,,"59,95000076",Men,A59687B426E9EB30465997EB54862A2E,3
305924,21207,14/01/2023 23.17.06,25/01/2023 9.24.06,"30,7543503",Jeans,Ariat 9424 Men's M4 Low Rise Boot Tumbled,,"59,95000076",Men,A59687B426E9EB30465997EB54862A2E,3
305925,21207,31/05/2022 2.35.00,,"30,7543503",Jeans,Ariat 9424 Men's M4 Low Rise Boot Tumbled,,"59,95000076",Men,A59687B426E9EB30465997EB54862A2E,3
305926,21207,30/05/2023 4.50.00,,"30,7543503",Jeans,Ariat 9424 Men's M4 Low Rise Boot Tumbled,,"59,95000076",Men,A59687B426E9EB30465997EB54862A2E,3
305927,21207,03/01/2021 6.34.00,,"30,7543503",Jeans,Ariat 9424 Men's M4 Low Rise Boot Tumbled,,"59,95000076",Men,A59687B426E9EB30465997EB54862A2E,3
53282,23769,23/03/2022 12.51.43,02/04/2022 10.44.43,"18,54000002",Outerwear & Coats,Stormtech Men's Chinook Fleece Vest,,45,Men,1C51851B7A12EED5C6DDBEE10E6EA94C,3
53283,23769,23/04/2023 9.06.00,,"18,54000002",Outerwear & Coats,Stormtech Men's Chinook Fleece Vest,,45,Men,1C51851B7A12EED5C6DDBEE10E6EA94C,3
78816,23769,05/11/2021 18.21.12,23/11/2021 12.14.12,"18,54000002",Outerwear & Coats,Stormtech Men's Chinook Fleece Vest,,45,Men,1C51851B7A12EED5C6DDBEE10E6EA94C,3
78817,23769,03/02/2021 7.25.00,,"18,54000002",Outerwear & Coats,Stormtech Men's Chinook Fleece Vest,,45,Men,1C51851B7A12EED5C6DDBEE10E6EA94C,3
78818,23769,18/04/2023 2.18.00,,"18,54000002",Outerwear & Coats,Stormtech Men's Chinook Fleece Vest,,45,Men,1C51851B7A12EED5C6DDBEE10E6EA94C,3
86293,23769,12/11/2022 20.18.50,24/12/2022 11.17.50,"18,54000002",Outerwear & Coats,Stormtech Men's Chinook Fleece Vest,,45,Men,1C51851B7A12EED5C6DDBEE10E6EA94C,3
86294,23769,20/06/2021 18.48.00,,"18,54000002",Outerwear & Coats,Stormtech Men's Chinook Fleece Vest,,45,Men,1C51851B7A12EED5C6DDBEE10E6EA94C,3
141506,23769,25/04/2021 2.04.58,10/06/2021 1.26.58,"18,54000002",Outerwear & Coats,Stormtech Men's Chinook Fleece Vest,,45,Men,1C51851B7A12EED5C6DDBEE10E6EA94C,3
141507,23769,11/02/2023 11.32.00,,"18,54000002",Outerwear & Coats,Stormtech Men's Chinook Fleece Vest,,45,Men,1C51851B7A12EED5C6DDBEE10E6EA94C,3
202205,23769,15/11/2021 11.13.04,20/11/2021 0.39.04,"18,54000002",Outerwear & Coats,Stormtech Men's Chinook Fleece Vest,,45,Men,1C51851B7A12EED5C6DDBEE10E6EA94C,3
202206,23769,28/03/2023 7.40.00,,"18,54000002",Outerwear & Coats,Stormtech Men's Chinook Fleece Vest,,45,Men,1C51851B7A12EED5C6DDBEE10E6EA94C,3
202554,23769,06/08/2022 11.55.25,29/08/2022 3.04.25,"18,54000002",Outerwear & Coats,Stormtech Men's Chinook Fleece Vest,,45,Men,1C51851B7A12EED5C6DDBEE10E6EA94C,3
202555,23769,10/12/2022 12.57.00,,"18,54000002",Outerwear & Coats,Stormtech Men's Chinook Fleece Vest,,45,Men,1C51851B7A12EED5C6DDBEE10E6EA94C,3
265142,23769,20/11/2022 0.25.33,19/12/2022 11.28.33,"18,54000002",Outerwear & Coats,Stormtech Men's Chinook Fleece Vest,,45,Men,1C51851B7A12EED5C6DDBEE10E6EA94C,3
265143,23769,02/01/2020 3.31.00,,"18,54000002",Outerwear & Coats,Stormtech Men's Chinook Fleece Vest,,45,Men,1C51851B7A12EED5C6DDBEE10E6EA94C,3
293721,23769,29/08/2022 8.05.26,29/09/2022 13.42.26,"18,54000002",Outerwear & Coats,Stormtech Men's Chinook Fleece Vest,,45,Men,1C51851B7A12EED5C6DDBEE10E6EA94C,3
293722,23769,22/06/2021 12.00.00,,"18,54000002",Outerwear & Coats,Stormtech Men's Chinook Fleece Vest,,45,Men,1C51851B7A12EED5C6DDBEE10E6EA94C,3
306851,23769,05/01/2023 2.09.44,22/01/2023 17.17.44,"18,54000002",Outerwear & Coats,Stormtech Men's Chinook Fleece Vest,,45,Men,1C51851B7A12EED5C6DDBEE10E6EA94C,3
306852,23769,26/05/2022 7.01.00,,"18,54000002",Outerwear & Coats,Stormtech Men's Chinook Fleece Vest,,45,Men,1C51851B7A12EED5C6DDBEE10E6EA94C,3
306853,23769,02/08/2021 15.48.00,,"18,54000002",Outerwear & Coats,Stormtech Men's Chinook Fleece Vest,,45,Men,1C51851B7A12EED5C6DDBEE10E6EA94C,3
348454,23769,28/07/2021 9.27.16,30/07/2021 7.45.16,"18,54000002",Outerwear & Coats,Stormtech Men's Chinook Fleece Vest,,45,Men,1C51851B7A12EED5C6DDBEE10E6EA94C,3
348455,23769,13/10/2020 14.48.00,,"18,54000002",Outerwear & Coats,Stormtech Men's Chinook Fleece Vest,,45,Men,1C51851B7A12EED5C6DDBEE10E6EA94C,3
348456,23769,21/08/2021 5.23.00,,"18,54000002",Outerwear & Coats,Stormtech Men's Chinook Fleece Vest,,45,Men,1C51851B7A12EED5C6DDBEE10E6EA94C,3
348457,23769,14/01/2021 6.50.00,,"18,54000002",Outerwear & Coats,Stormtech Men's Chinook Fleece Vest,,45,Men,1C51851B7A12EED5C6DDBEE10E6EA94C,3
348787,23769,02/12/2021 19.38.03,20/01/2022 23.07.03,"18,54000002",Outerwear & Coats,Stormtech Men's Chinook Fleece Vest,,45,Men,1C51851B7A12EED5C6DDBEE10E6EA94C,3
348788,23769,27/03/2021 1.03.00,,"18,54000002",Outerwear & Coats,Stormtech Men's Chinook Fleece Vest,,45,Men,1C51851B7A12EED5C6DDBEE10E6EA94C,3
355053,23769,31/07/2022 3.41.25,29/08/2022 1.19.25,"18,54000002",Outerwear & Coats,Stormtech Men's Chinook Fleece Vest,,45,Men,1C51851B7A12EED5C6DDBEE10E6EA94C,3
355054,23769,28/09/2020 18.38.00,,"18,54000002",Outerwear & Coats,Stormtech Men's Chinook Fleece Vest,,45,Men,1C51851B7A12EED5C6DDBEE10E6EA94C,3
412555,23769,26/11/2022 14.01.36,01/12/2022 5.44.36,"18,54000002",Outerwear & Coats,Stormtech Men's Chinook Fleece Vest,,45,Men,1C51851B7A12EED5C6DDBEE10E6EA94C,3
412556,23769,13/11/2021 8.10.00,,"18,54000002",Outerwear & Coats,Stormtech Men's Chinook Fleece Vest,,45,Men,1C51851B7A12EED5C6DDBEE10E6EA94C,3
22332,24287,07/03/2021 10.28.22,04/04/2021 3.27.22,"39,48804878",Outerwear & Coats,Adidas Men's Hiking Hooded 1Side Fleece Jacket,,"89,94999695",Men,9F62C81D7B48E146423F79C9E151510D,3
22333,24287,20/04/2022 8.53.00,,"39,48804878",Outerwear & Coats,Adidas Men's Hiking Hooded 1Side Fleece Jacket,,"89,94999695",Men,9F62C81D7B48E146423F79C9E151510D,3
36169,24287,25/02/2023 20.19.21,08/04/2023 14.09.21,"39,48804878",Outerwear & Coats,Adidas Men's Hiking Hooded 1Side Fleece Jacket,,"89,94999695",Men,9F62C81D7B48E146423F79C9E151510D,3
36170,24287,14/10/2022 12.59.00,,"39,48804878",Outerwear & Coats,Adidas Men's Hiking Hooded 1Side Fleece Jacket,,"89,94999695",Men,9F62C81D7B48E146423F79C9E151510D,3
36320,24287,01/05/2021 4.47.52,03/06/2021 3.40.52,"39,48804878",Outerwear & Coats,Adidas Men's Hiking Hooded 1Side Fleece Jacket,,"89,94999695",Men,9F62C81D7B48E146423F79C9E151510D,3
36321,24287,08/08/2020 0.32.00,,"39,48804878",Outerwear & Coats,Adidas Men's Hiking Hooded 1Side Fleece Jacket,,"89,94999695",Men,9F62C81D7B48E146423F79C9E151510D,3
139039,24287,16/12/2022 10.55.38,30/01/2023 23.48.38,"39,48804878",Outerwear & Coats,Adidas Men's Hiking Hooded 1Side Fleece Jacket,,"89,94999695",Men,9F62C81D7B48E146423F79C9E151510D,3
139040,24287,08/11/2020 15.45.00,,"39,48804878",Outerwear & Coats,Adidas Men's Hiking Hooded 1Side Fleece Jacket,,"89,94999695",Men,9F62C81D7B48E146423F79C9E151510D,3
213417,24287,13/02/2021 4.14.41,29/03/2021 13.32.41,"39,48804878",Outerwear & Coats,Adidas Men's Hiking Hooded 1Side Fleece Jacket,,"89,94999695",Men,9F62C81D7B48E146423F79C9E151510D,3
213418,24287,19/04/2023 6.06.00,,"39,48804878",Outerwear & Coats,Adidas Men's Hiking Hooded 1Side Fleece Jacket,,"89,94999695",Men,9F62C81D7B48E146423F79C9E151510D,3
213419,24287,25/02/2023 5.27.00,,"39,48804878",Outerwear & Coats,Adidas Men's Hiking Hooded 1Side Fleece Jacket,,"89,94999695",Men,9F62C81D7B48E146423F79C9E151510D,3
290143,24287,28/11/2022 10.38.42,20/01/2023 13.02.42,"39,48804878",Outerwear & Coats,Adidas Men's Hiking Hooded 1Side Fleece Jacket,,"89,94999695",Men,9F62C81D7B48E146423F79C9E151510D,3
290144,24287,16/01/2021 8.25.00,,"39,48804878",Outerwear & Coats,Adidas Men's Hiking Hooded 1Side Fleece Jacket,,"89,94999695",Men,9F62C81D7B48E146423F79C9E151510D,3
335609,24287,27/08/2021 20.35.14,15/10/2021 0.58.14,"39,48804878",Outerwear & Coats,Adidas Men's Hiking Hooded 1Side Fleece Jacket,,"89,94999695",Men,9F62C81D7B48E146423F79C9E151510D,3
335610,24287,09/03/2021 6.40.00,,"39,48804878",Outerwear & Coats,Adidas Men's Hiking Hooded 1Side Fleece Jacket,,"89,94999695",Men,9F62C81D7B48E146423F79C9E151510D,3
426003,24287,03/10/2022 20.57.39,20/11/2022 1.44.39,"39,48804878",Outerwear & Coats,Adidas Men's Hiking Hooded 1Side Fleece Jacket,,"89,94999695",Men,9F62C81D7B48E146423F79C9E151510D,3
426004,24287,03/05/2022 15.06.00,,"39,48804878",Outerwear & Coats,Adidas Men's Hiking Hooded 1Side Fleece Jacket,,"89,94999695",Men,9F62C81D7B48E146423F79C9E151510D,3
436218,24287,27/04/2023 19.18.52,25/06/2023 4.53.52,"39,48804878",Outerwear & Coats,Adidas Men's Hiking Hooded 1Side Fleece Jacket,,"89,94999695",Men,9F62C81D7B48E146423F79C9E151510D,3
436219,24287,21/02/2020 0.13.00,,"39,48804878",Outerwear & Coats,Adidas Men's Hiking Hooded 1Side Fleece Jacket,,"89,94999695",Men,9F62C81D7B48E146423F79C9E151510D,3
436220,24287,29/03/2020 6.39.00,,"39,48804878",Outerwear & Coats,Adidas Men's Hiking Hooded 1Side Fleece Jacket,,"89,94999695",Men,9F62C81D7B48E146423F79C9E151510D,3
442716,24287,24/04/2023 11.32.49,21/06/2023 5.29.49,"39,48804878",Outerwear & Coats,Adidas Men's Hiking Hooded 1Side Fleece Jacket,,"89,94999695",Men,9F62C81D7B48E146423F79C9E151510D,3
442717,24287,03/09/2021 3.21.00,,"39,48804878",Outerwear & Coats,Adidas Men's Hiking Hooded 1Side Fleece Jacket,,"89,94999695",Men,9F62C81D7B48E146423F79C9E151510D,3
442718,24287,11/10/2022 16.03.00,,"39,48804878",Outerwear & Coats,Adidas Men's Hiking Hooded 1Side Fleece Jacket,,"89,94999695",Men,9F62C81D7B48E146423F79C9E151510D,3
137198,21484,09/09/2022 21.41.30,14/09/2022 0.11.30,"30,28549998",Jeans,True Nation Big & Tall Relaxed-Fit Jeans,,"59,5",Men,64C32B8EB5304D80BA093227975ECE13,3
137199,21484,23/02/2023 17.32.00,,"30,28549998",Jeans,True Nation Big & Tall Relaxed-Fit Jeans,,"59,5",Men,64C32B8EB5304D80BA093227975ECE13,3
137200,21484,26/12/2020 14.15.00,,"30,28549998",Jeans,True Nation Big & Tall Relaxed-Fit Jeans,,"59,5",Men,64C32B8EB5304D80BA093227975ECE13,3
140488,21484,24/09/2020 5.35.01,01/11/2020 12.27.01,"30,28549998",Jeans,True Nation Big & Tall Relaxed-Fit Jeans,,"59,5",Men,64C32B8EB5304D80BA093227975ECE13,3
140489,21484,17/12/2020 9.53.00,,"30,28549998",Jeans,True Nation Big & Tall Relaxed-Fit Jeans,,"59,5",Men,64C32B8EB5304D80BA093227975ECE13,3
188727,21484,03/03/2022 12.51.11,05/04/2022 5.24.11,"30,28549998",Jeans,True Nation Big & Tall Relaxed-Fit Jeans,,"59,5",Men,64C32B8EB5304D80BA093227975ECE13,3
188728,21484,27/07/2021 0.40.00,,"30,28549998",Jeans,True Nation Big & Tall Relaxed-Fit Jeans,,"59,5",Men,64C32B8EB5304D80BA093227975ECE13,3
199653,21484,08/04/2023 12.14.28,10/05/2023 12.39.28,"30,28549998",Jeans,True Nation Big & Tall Relaxed-Fit Jeans,,"59,5",Men,64C32B8EB5304D80BA093227975ECE13,3
199654,21484,08/04/2021 9.50.00,,"30,28549998",Jeans,True Nation Big & Tall Relaxed-Fit Jeans,,"59,5",Men,64C32B8EB5304D80BA093227975ECE13,3
199655,21484,08/12/2020 0.23.00,,"30,28549998",Jeans,True Nation Big & Tall Relaxed-Fit Jeans,,"59,5",Men,64C32B8EB5304D80BA093227975ECE13,3
266118,21484,10/02/2023 1.53.47,14/02/2023 5.52.47,"30,28549998",Jeans,True Nation Big & Tall Relaxed-Fit Jeans,,"59,5",Men,64C32B8EB5304D80BA093227975ECE13,3
266119,21484,19/01/2021 8.20.00,,"30,28549998",Jeans,True Nation Big & Tall Relaxed-Fit Jeans,,"59,5",Men,64C32B8EB5304D80BA093227975ECE13,3
266120,21484,31/05/2022 11.30.00,,"30,28549998",Jeans,True Nation Big & Tall Relaxed-Fit Jeans,,"59,5",Men,64C32B8EB5304D80BA093227975ECE13,3
406914,21484,12/11/2022 14.25.44,18/11/2022 15.36.44,"30,28549998",Jeans,True Nation Big & Tall Relaxed-Fit Jeans,,"59,5",Men,64C32B8EB5304D80BA093227975ECE13,3
406915,21484,14/12/2020 1.30.00,,"30,28549998",Jeans,True Nation Big & Tall Relaxed-Fit Jeans,,"59,5",Men,64C32B8EB5304D80BA093227975ECE13,3
413030,21484,20/09/2020 6.32.32,13/10/2020 7.30.32,"30,28549998",Jeans,True Nation Big & Tall Relaxed-Fit Jeans,,"59,5",Men,64C32B8EB5304D80BA093227975ECE13,3
413031,21484,07/03/2020 6.45.00,,"30,28549998",Jeans,True Nation Big & Tall Relaxed-Fit Jeans,,"59,5",Men,64C32B8EB5304D80BA093227975ECE13,3
413032,21484,04/03/2022 12.03.00,,"30,28549998",Jeans,True Nation Big & Tall Relaxed-Fit Jeans,,"59,5",Men,64C32B8EB5304D80BA093227975ECE13,3
433125,21484,19/09/2022 1.18.23,24/09/2022 22.35.23,"30,28549998",Jeans,True Nation Big & Tall Relaxed-Fit Jeans,,"59,5",Men,64C32B8EB5304D80BA093227975ECE13,3
433126,21484,01/06/2023 6.08.00,,"30,28549998",Jeans,True Nation Big & Tall Relaxed-Fit Jeans,,"59,5",Men,64C32B8EB5304D80BA093227975ECE13,3
456944,21484,31/07/2022 23.06.02,14/09/2022 6.15.02,"30,28549998",Jeans,True Nation Big & Tall Relaxed-Fit Jeans,,"59,5",Men,64C32B8EB5304D80BA093227975ECE13,3
456945,21484,11/12/2022 7.31.00,,"30,28549998",Jeans,True Nation Big & Tall Relaxed-Fit Jeans,,"59,5",Men,64C32B8EB5304D80BA093227975ECE13,3
456946,21484,14/02/2023 16.45.00,,"30,28549998",Jeans,True Nation Big & Tall Relaxed-Fit Jeans,,"59,5",Men,64C32B8EB5304D80BA093227975ECE13,3
456947,21484,03/12/2022 13.52.00,,"30,28549998",Jeans,True Nation Big & Tall Relaxed-Fit Jeans,,"59,5",Men,64C32B8EB5304D80BA093227975ECE13,3
478816,21484,29/04/2021 6.04.50,02/06/2021 1.37.50,"30,28549998",Jeans,True Nation Big & Tall Relaxed-Fit Jeans,,"59,5",Men,64C32B8EB5304D80BA093227975ECE13,3
478817,21484,02/04/2021 9.46.00,,"30,28549998",Jeans,True Nation Big & Tall Relaxed-Fit Jeans,,"59,5",Men,64C32B8EB5304D80BA093227975ECE13,3
478818,21484,27/03/2020 7.18.00,,"30,28549998",Jeans,True Nation Big & Tall Relaxed-Fit Jeans,,"59,5",Men,64C32B8EB5304D80BA093227975ECE13,3
11444,755,14/11/2022 1.35.53,09/01/2023 6.35.53,"15,14085035",Tops & Tees,The Very Hungry Caterpillar Classic Book Women's Slim Fit T-shirt by Out Of Print Clothing,,"28,95000076",Women,CCB0989662211F61EDAE2E26D58EA92F,3
11445,755,01/07/2022 10.33.00,,"15,14085035",Tops & Tees,The Very Hungry Caterpillar Classic Book Women's Slim Fit T-shirt by Out Of Print Clothing,,"28,95000076",Women,CCB0989662211F61EDAE2E26D58EA92F,3
14640,755,10/01/2021 0.20.44,14/01/2021 0.16.44,"15,14085035",Tops & Tees,The Very Hungry Caterpillar Classic Book Women's Slim Fit T-shirt by Out Of Print Clothing,,"28,95000076",Women,CCB0989662211F61EDAE2E26D58EA92F,3
14641,755,24/04/2023 0.24.00,,"15,14085035",Tops & Tees,The Very Hungry Caterpillar Classic Book Women's Slim Fit T-shirt by Out Of Print Clothing,,"28,95000076",Women,CCB0989662211F61EDAE2E26D58EA92F,3
152571,755,24/09/2022 18.11.40,01/10/2022 5.26.40,"15,14085035",Tops & Tees,The Very Hungry Caterpillar Classic Book Women's Slim Fit T-shirt by Out Of Print Clothing,,"28,95000076",Women,CCB0989662211F61EDAE2E26D58EA92F,3
152572,755,07/01/2020 1.08.00,,"15,14085035",Tops & Tees,The Very Hungry Caterpillar Classic Book Women's Slim Fit T-shirt by Out Of Print Clothing,,"28,95000076",Women,CCB0989662211F61EDAE2E26D58EA92F,3
152573,755,16/06/2021 15.20.00,,"15,14085035",Tops & Tees,The Very Hungry Caterpillar Classic Book Women's Slim Fit T-shirt by Out Of Print Clothing,,"28,95000076",Women,CCB0989662211F61EDAE2E26D58EA92F,3
152574,755,27/02/2021 0.22.00,,"15,14085035",Tops & Tees,The Very Hungry Caterpillar Classic Book Women's Slim Fit T-shirt by Out Of Print Clothing,,"28,95000076",Women,CCB0989662211F61EDAE2E26D58EA92F,3
457792,755,02/06/2022 2.52.07,02/06/2022 8.04.07,"15,14085035",Tops & Tees,The Very Hungry Caterpillar Classic Book Women's Slim Fit T-shirt by Out Of Print Clothing,,"28,95000076",Women,CCB0989662211F61EDAE2E26D58EA92F,3
457793,755,13/01/2022 10.44.00,,"15,14085035",Tops & Tees,The Very Hungry Caterpillar Classic Book Women's Slim Fit T-shirt by Out Of Print Clothing,,"28,95000076",Women,CCB0989662211F61EDAE2E26D58EA92F,3
65933,27640,13/12/2022 22.21.15,23/01/2023 14.47.15,"29,35350006",Swim,O'Neill Hangover Boardshorts,,"49,5",Men,42ADA6A116005062613A49ADD8AB908B,3
65934,27640,09/01/2023 15.58.00,,"29,35350006",Swim,O'Neill Hangover Boardshorts,,"49,5",Men,42ADA6A116005062613A49ADD8AB908B,3
65935,27640,14/04/2021 8.07.00,,"29,35350006",Swim,O'Neill Hangover Boardshorts,,"49,5",Men,42ADA6A116005062613A49ADD8AB908B,3
76206,27640,12/10/2022 15.38.26,09/11/2022 2.04.26,"29,35350006",Swim,O'Neill Hangover Boardshorts,,"49,5",Men,42ADA6A116005062613A49ADD8AB908B,3
76207,27640,17/10/2020 1.31.00,,"29,35350006",Swim,O'Neill Hangover Boardshorts,,"49,5",Men,42ADA6A116005062613A49ADD8AB908B,3
76208,27640,25/01/2020 10.11.00,,"29,35350006",Swim,O'Neill Hangover Boardshorts,,"49,5",Men,42ADA6A116005062613A49ADD8AB908B,3
93782,27640,24/11/2022 4.50.48,04/12/2022 8.42.48,"29,35350006",Swim,O'Neill Hangover Boardshorts,,"49,5",Men,42ADA6A116005062613A49ADD8AB908B,3
93783,27640,19/05/2022 18.32.00,,"29,35350006",Swim,O'Neill Hangover Boardshorts,,"49,5",Men,42ADA6A116005062613A49ADD8AB908B,3
93784,27640,04/06/2022 11.55.00,,"29,35350006",Swim,O'Neill Hangover Boardshorts,,"49,5",Men,42ADA6A116005062613A49ADD8AB908B,3
93785,27640,18/09/2020 14.11.00,,"29,35350006",Swim,O'Neill Hangover Boardshorts,,"49,5",Men,42ADA6A116005062613A49ADD8AB908B,3
225112,27640,27/11/2021 17.49.05,09/12/2021 17.13.05,"29,35350006",Swim,O'Neill Hangover Boardshorts,,"49,5",Men,42ADA6A116005062613A49ADD8AB908B,3
225113,27640,16/11/2022 8.40.00,,"29,35350006",Swim,O'Neill Hangover Boardshorts,,"49,5",Men,42ADA6A116005062613A49ADD8AB908B,3
225114,27640,20/10/2021 13.32.00,,"29,35350006",Swim,O'Neill Hangover Boardshorts,,"49,5",Men,42ADA6A116005062613A49ADD8AB908B,3
253351,27640,13/05/2022 7.40.53,07/06/2022 11.48.53,"29,35350006",Swim,O'Neill Hangover Boardshorts,,"49,5",Men,42ADA6A116005062613A49ADD8AB908B,3
253352,27640,09/03/2023 4.20.00,,"29,35350006",Swim,O'Neill Hangover Boardshorts,,"49,5",Men,42ADA6A116005062613A49ADD8AB908B,3
253353,27640,26/12/2022 12.30.00,,"29,35350006",Swim,O'Neill Hangover Boardshorts,,"49,5",Men,42ADA6A116005062613A49ADD8AB908B,3
288555,27640,13/01/2022 0.39.13,25/01/2022 21.06.13,"29,35350006",Swim,O'Neill Hangover Boardshorts,,"49,5",Men,42ADA6A116005062613A49ADD8AB908B,3
288556,27640,06/05/2021 10.37.00,,"29,35350006",Swim,O'Neill Hangover Boardshorts,,"49,5",Men,42ADA6A116005062613A49ADD8AB908B,3
288557,27640,24/02/2022 5.21.00,,"29,35350006",Swim,O'Neill Hangover Boardshorts,,"49,5",Men,42ADA6A116005062613A49ADD8AB908B,3
288558,27640,21/02/2020 6.53.00,,"29,35350006",Swim,O'Neill Hangover Boardshorts,,"49,5",Men,42ADA6A116005062613A49ADD8AB908B,3
329742,27640,29/01/2023 22.42.57,14/02/2023 23.48.57,"29,35350006",Swim,O'Neill Hangover Boardshorts,,"49,5",Men,42ADA6A116005062613A49ADD8AB908B,3
329743,27640,28/01/2022 4.11.00,,"29,35350006",Swim,O'Neill Hangover Boardshorts,,"49,5",Men,42ADA6A116005062613A49ADD8AB908B,3
347044,27640,13/09/2022 10.59.27,20/09/2022 7.49.27,"29,35350006",Swim,O'Neill Hangover Boardshorts,,"49,5",Men,42ADA6A116005062613A49ADD8AB908B,3
347045,27640,16/06/2022 4.02.00,,"29,35350006",Swim,O'Neill Hangover Boardshorts,,"49,5",Men,42ADA6A116005062613A49ADD8AB908B,3
388006,27640,08/06/2023 2.54.11,03/07/2023 5.33.11,"29,35350006",Swim,O'Neill Hangover Boardshorts,,"49,5",Men,42ADA6A116005062613A49ADD8AB908B,3
388007,27640,15/04/2022 0.33.00,,"29,35350006",Swim,O'Neill Hangover Boardshorts,,"49,5",Men,42ADA6A116005062613A49ADD8AB908B,3
115860,10250,27/03/2020 0.28.35,01/04/2020 10.19.35,"26,90235047",Sleep & Lounge,Hatley Labs On Plaid Flannel Nightdress,H,"46,95000076",Women,183F50A7700982A3ED18FF6D7A5777BF,8
115861,10250,20/02/2023 12.43.00,,"26,90235047",Sleep & Lounge,Hatley Labs On Plaid Flannel Nightdress,H,"46,95000076",Women,183F50A7700982A3ED18FF6D7A5777BF,8
337782,10250,02/08/2022 14.45.25,18/09/2022 3.51.25,"26,90235047",Sleep & Lounge,Hatley Labs On Plaid Flannel Nightdress,H,"46,95000076",Women,183F50A7700982A3ED18FF6D7A5777BF,8
337783,10250,28/02/2020 5.42.00,,"26,90235047",Sleep & Lounge,Hatley Labs On Plaid Flannel Nightdress,H,"46,95000076",Women,183F50A7700982A3ED18FF6D7A5777BF,8
337784,10250,27/11/2021 8.44.00,,"26,90235047",Sleep & Lounge,Hatley Labs On Plaid Flannel Nightdress,H,"46,95000076",Women,183F50A7700982A3ED18FF6D7A5777BF,8
382007,10250,30/05/2020 7.37.43,13/07/2020 15.42.43,"26,90235047",Sleep & Lounge,Hatley Labs On Plaid Flannel Nightdress,H,"46,95000076",Women,183F50A7700982A3ED18FF6D7A5777BF,8
382008,10250,04/01/2022 5.27.00,,"26,90235047",Sleep & Lounge,Hatley Labs On Plaid Flannel Nightdress,H,"46,95000076",Women,183F50A7700982A3ED18FF6D7A5777BF,8
475820,10250,05/10/2022 1.04.16,18/11/2022 1.32.16,"26,90235047",Sleep & Lounge,Hatley Labs On Plaid Flannel Nightdress,H,"46,95000076",Women,183F50A7700982A3ED18FF6D7A5777BF,8
475821,10250,06/04/2020 2.31.00,,"26,90235047",Sleep & Lounge,Hatley Labs On Plaid Flannel Nightdress,H,"46,95000076",Women,183F50A7700982A3ED18FF6D7A5777BF,8
475822,10250,12/09/2022 2.01.00,,"26,90235047",Sleep & Lounge,Hatley Labs On Plaid Flannel Nightdress,H,"46,95000076",Women,183F50A7700982A3ED18FF6D7A5777BF,8
475823,10250,16/10/2021 11.22.00,,"26,90235047",Sleep & Lounge,Hatley Labs On Plaid Flannel Nightdress,H,"46,95000076",Women,183F50A7700982A3ED18FF6D7A5777BF,8
69750,13228,01/02/2022 8.07.45,16/03/2022 10.47.45,"19,5960807",Swim,Womens BB Plus Size Swimdress Swimsuit Long Tankini Swimwear black/pink black/white blue floral 18-24,BB,"49,99000168",Women,2602FD311D93E2B8CCBBC9165E0AD653,6
69751,13228,25/03/2020 15.17.00,,"19,5960807",Swim,Womens BB Plus Size Swimdress Swimsuit Long Tankini Swimwear black/pink black/white blue floral 18-24,BB,"49,99000168",Women,2602FD311D93E2B8CCBBC9165E0AD653,6
234694,13228,19/02/2022 1.15.07,21/03/2022 15.21.07,"19,5960807",Swim,Womens BB Plus Size Swimdress Swimsuit Long Tankini Swimwear black/pink black/white blue floral 18-24,BB,"49,99000168",Women,2602FD311D93E2B8CCBBC9165E0AD653,6
234695,13228,13/02/2020 18.32.00,,"19,5960807",Swim,Womens BB Plus Size Swimdress Swimsuit Long Tankini Swimwear black/pink black/white blue floral 18-24,BB,"49,99000168",Women,2602FD311D93E2B8CCBBC9165E0AD653,6
234696,13228,07/05/2023 7.21.00,,"19,5960807",Swim,Womens BB Plus Size Swimdress Swimsuit Long Tankini Swimwear black/pink black/white blue floral 18-24,BB,"49,99000168",Women,2602FD311D93E2B8CCBBC9165E0AD653,6
268528,13228,27/02/2021 15.55.42,06/04/2021 9.32.42,"19,5960807",Swim,Womens BB Plus Size Swimdress Swimsuit Long Tankini Swimwear black/pink black/white blue floral 18-24,BB,"49,99000168",Women,2602FD311D93E2B8CCBBC9165E0AD653,6
268529,13228,08/11/2022 7.44.00,,"19,5960807",Swim,Womens BB Plus Size Swimdress Swimsuit Long Tankini Swimwear black/pink black/white blue floral 18-24,BB,"49,99000168",Women,2602FD311D93E2B8CCBBC9165E0AD653,6
386402,13228,25/09/2022 1.58.50,30/10/2022 22.35.50,"19,5960807",Swim,Womens BB Plus Size Swimdress Swimsuit Long Tankini Swimwear black/pink black/white blue floral 18-24,BB,"49,99000168",Women,2602FD311D93E2B8CCBBC9165E0AD653,6
386403,13228,01/04/2022 12.24.00,,"19,5960807",Swim,Womens BB Plus Size Swimdress Swimsuit Long Tankini Swimwear black/pink black/white blue floral 18-24,BB,"49,99000168",Women,2602FD311D93E2B8CCBBC9165E0AD653,6
386404,13228,17/01/2020 9.32.00,,"19,5960807",Swim,Womens BB Plus Size Swimdress Swimsuit Long Tankini Swimwear black/pink black/white blue floral 18-24,BB,"49,99000168",Women,2602FD311D93E2B8CCBBC9165E0AD653,6
411389,13228,13/02/2023 10.38.35,22/03/2023 21.49.35,"19,5960807",Swim,Womens BB Plus Size Swimdress Swimsuit Long Tankini Swimwear black/pink black/white blue floral 18-24,BB,"49,99000168",Women,2602FD311D93E2B8CCBBC9165E0AD653,6
411390,13228,20/12/2022 12.51.00,,"19,5960807",Swim,Womens BB Plus Size Swimdress Swimsuit Long Tankini Swimwear black/pink black/white blue floral 18-24,BB,"49,99000168",Women,2602FD311D93E2B8CCBBC9165E0AD653,6
411391,13228,17/01/2023 0.56.00,,"19,5960807",Swim,Womens BB Plus Size Swimdress Swimsuit Long Tankini Swimwear black/pink black/white blue floral 18-24,BB,"49,99000168",Women,2602FD311D93E2B8CCBBC9165E0AD653,6
429180,13228,21/07/2022 10.27.00,21/08/2022 11.29.00,"19,5960807",Swim,Womens BB Plus Size Swimdress Swimsuit Long Tankini Swimwear black/pink black/white blue floral 18-24,BB,"49,99000168",Women,2602FD311D93E2B8CCBBC9165E0AD653,6
429181,13228,12/09/2022 15.20.00,,"19,5960807",Swim,Womens BB Plus Size Swimdress Swimsuit Long Tankini Swimwear black/pink black/white blue floral 18-24,BB,"49,99000168",Women,2602FD311D93E2B8CCBBC9165E0AD653,6
57615,13519,18/11/2022 5.10.13,31/12/2022 6.44.13,"19,94601077",Swim,Womens Bb Plus Size Surplice Wrap One Piece Swimsuit Tank Swimwear Pink/black Black Brown/black Tribal 18-24,BB,"49,99000168",Women,4843444B2CD1C2D4B2B261E396C5DA4A,6
57616,13519,02/06/2022 12.40.00,,"19,94601077",Swim,Womens Bb Plus Size Surplice Wrap One Piece Swimsuit Tank Swimwear Pink/black Black Brown/black Tribal 18-24,BB,"49,99000168",Women,4843444B2CD1C2D4B2B261E396C5DA4A,6
57617,13519,10/04/2023 8.16.00,,"19,94601077",Swim,Womens Bb Plus Size Surplice Wrap One Piece Swimsuit Tank Swimwear Pink/black Black Brown/black Tribal 18-24,BB,"49,99000168",Women,4843444B2CD1C2D4B2B261E396C5DA4A,6
57618,13519,28/06/2021 5.14.00,,"19,94601077",Swim,Womens Bb Plus Size Surplice Wrap One Piece Swimsuit Tank Swimwear Pink/black Black Brown/black Tribal 18-24,BB,"49,99000168",Women,4843444B2CD1C2D4B2B261E396C5DA4A,6
283682,13519,01/01/2023 7.21.34,25/01/2023 13.20.34,"19,94601077",Swim,Womens Bb Plus Size Surplice Wrap One Piece Swimsuit Tank Swimwear Pink/black Black Brown/black Tribal 18-24,BB,"49,99000168",Women,4843444B2CD1C2D4B2B261E396C5DA4A,6
283683,13519,26/02/2023 1.40.00,,"19,94601077",Swim,Womens Bb Plus Size Surplice Wrap One Piece Swimsuit Tank Swimwear Pink/black Black Brown/black Tribal 18-24,BB,"49,99000168",Women,4843444B2CD1C2D4B2B261E396C5DA4A,6
283684,13519,27/12/2020 10.27.00,,"19,94601077",Swim,Womens Bb Plus Size Surplice Wrap One Piece Swimsuit Tank Swimwear Pink/black Black Brown/black Tribal 18-24,BB,"49,99000168",Women,4843444B2CD1C2D4B2B261E396C5DA4A,6
469398,13519,01/08/2022 4.43.09,24/08/2022 1.30.09,"19,94601077",Swim,Womens Bb Plus Size Surplice Wrap One Piece Swimsuit Tank Swimwear Pink/black Black Brown/black Tribal 18-24,BB,"49,99000168",Women,4843444B2CD1C2D4B2B261E396C5DA4A,6
469399,13519,27/08/2020 3.25.00,,"19,94601077",Swim,Womens Bb Plus Size Surplice Wrap One Piece Swimsuit Tank Swimwear Pink/black Black Brown/black Tribal 18-24,BB,"49,99000168",Women,4843444B2CD1C2D4B2B261E396C5DA4A,6
469400,13519,04/01/2023 13.29.00,,"19,94601077",Swim,Womens Bb Plus Size Surplice Wrap One Piece Swimsuit Tank Swimwear Pink/black Black Brown/black Tribal 18-24,BB,"49,99000168",Women,4843444B2CD1C2D4B2B261E396C5DA4A,6
88073,17870,09/03/2023 22.11.43,06/05/2023 13.06.43,"34,76964893",Fashion Hoodies & Sweatshirts,The Big Bang Theory Bazinga Men Red Hoodie with Stripes,BG,"64,98999786",Men,7248F12044A0790CD9933886D17234EB,8
88074,17870,07/04/2023 15.43.00,,"34,76964893",Fashion Hoodies & Sweatshirts,The Big Bang Theory Bazinga Men Red Hoodie with Stripes,BG,"64,98999786",Men,7248F12044A0790CD9933886D17234EB,8
149537,17870,04/07/2021 8.16.09,10/08/2021 13.18.09,"34,76964893",Fashion Hoodies & Sweatshirts,The Big Bang Theory Bazinga Men Red Hoodie with Stripes,BG,"64,98999786",Men,7248F12044A0790CD9933886D17234EB,8
149538,17870,24/03/2021 17.02.00,,"34,76964893",Fashion Hoodies & Sweatshirts,The Big Bang Theory Bazinga Men Red Hoodie with Stripes,BG,"64,98999786",Men,7248F12044A0790CD9933886D17234EB,8
149539,17870,07/05/2022 8.58.00,,"34,76964893",Fashion Hoodies & Sweatshirts,The Big Bang Theory Bazinga Men Red Hoodie with Stripes,BG,"64,98999786",Men,7248F12044A0790CD9933886D17234EB,8
198096,17870,21/04/2023 8.38.55,16/06/2023 15.08.55,"34,76964893",Fashion Hoodies & Sweatshirts,The Big Bang Theory Bazinga Men Red Hoodie with Stripes,BG,"64,98999786",Men,7248F12044A0790CD9933886D17234EB,8
198097,17870,21/09/2020 5.46.00,,"34,76964893",Fashion Hoodies & Sweatshirts,The Big Bang Theory Bazinga Men Red Hoodie with Stripes,BG,"64,98999786",Men,7248F12044A0790CD9933886D17234EB,8
198098,17870,14/03/2022 5.27.00,,"34,76964893",Fashion Hoodies & Sweatshirts,The Big Bang Theory Bazinga Men Red Hoodie with Stripes,BG,"64,98999786",Men,7248F12044A0790CD9933886D17234EB,8
407117,17870,20/10/2022 12.09.41,14/11/2022 10.54.41,"34,76964893",Fashion Hoodies & Sweatshirts,The Big Bang Theory Bazinga Men Red Hoodie with Stripes,BG,"64,98999786",Men,7248F12044A0790CD9933886D17234EB,8
407118,17870,30/12/2022 15.25.00,,"34,76964893",Fashion Hoodies & Sweatshirts,The Big Bang Theory Bazinga Men Red Hoodie with Stripes,BG,"64,98999786",Men,7248F12044A0790CD9933886D17234EB,8
422590,17870,23/09/2022 13.53.21,09/10/2022 14.53.21,"34,76964893",Fashion Hoodies & Sweatshirts,The Big Bang Theory Bazinga Men Red Hoodie with Stripes,BG,"64,98999786",Men,7248F12044A0790CD9933886D17234EB,8
422591,17870,16/08/2022 15.32.00,,"34,76964893",Fashion Hoodies & Sweatshirts,The Big Bang Theory Bazinga Men Red Hoodie with Stripes,BG,"64,98999786",Men,7248F12044A0790CD9933886D17234EB,8
422592,17870,05/11/2022 14.05.00,,"34,76964893",Fashion Hoodies & Sweatshirts,The Big Bang Theory Bazinga Men Red Hoodie with Stripes,BG,"64,98999786",Men,7248F12044A0790CD9933886D17234EB,8
12468,17914,08/02/2023 19.29.04,10/02/2023 6.03.04,"29,04005045",Fashion Hoodies & Sweatshirts,The Big Bang Theory Soft Kitty Men Black Hoodie,BG,"51,95000076",Men,8AEF1343F7C60C2DEE067172F139BFE0,8
12469,17914,28/10/2020 3.57.00,,"29,04005045",Fashion Hoodies & Sweatshirts,The Big Bang Theory Soft Kitty Men Black Hoodie,BG,"51,95000076",Men,8AEF1343F7C60C2DEE067172F139BFE0,8
202644,17914,13/04/2023 3.12.01,07/06/2023 12.15.01,"29,04005045",Fashion Hoodies & Sweatshirts,The Big Bang Theory Soft Kitty Men Black Hoodie,BG,"51,95000076",Men,8AEF1343F7C60C2DEE067172F139BFE0,8
202645,17914,09/12/2021 11.02.00,,"29,04005045",Fashion Hoodies & Sweatshirts,The Big Bang Theory Soft Kitty Men Black Hoodie,BG,"51,95000076",Men,8AEF1343F7C60C2DEE067172F139BFE0,8
264726,17914,04/01/2023 18.32.09,06/02/2023 8.19.09,"29,04005045",Fashion Hoodies & Sweatshirts,The Big Bang Theory Soft Kitty Men Black Hoodie,BG,"51,95000076",Men,8AEF1343F7C60C2DEE067172F139BFE0,8
264727,17914,27/11/2021 8.15.00,,"29,04005045",Fashion Hoodies & Sweatshirts,The Big Bang Theory Soft Kitty Men Black Hoodie,BG,"51,95000076",Men,8AEF1343F7C60C2DEE067172F139BFE0,8
264728,17914,02/10/2020 4.07.00,,"29,04005045",Fashion Hoodies & Sweatshirts,The Big Bang Theory Soft Kitty Men Black Hoodie,BG,"51,95000076",Men,8AEF1343F7C60C2DEE067172F139BFE0,8
269466,17914,16/09/2022 2.33.09,10/11/2022 5.20.09,"29,04005045",Fashion Hoodies & Sweatshirts,The Big Bang Theory Soft Kitty Men Black Hoodie,BG,"51,95000076",Men,8AEF1343F7C60C2DEE067172F139BFE0,8
269467,17914,18/01/2020 2.51.00,,"29,04005045",Fashion Hoodies & Sweatshirts,The Big Bang Theory Soft Kitty Men Black Hoodie,BG,"51,95000076",Men,8AEF1343F7C60C2DEE067172F139BFE0,8
309721,17914,18/04/2021 5.33.16,03/05/2021 16.59.16,"29,04005045",Fashion Hoodies & Sweatshirts,The Big Bang Theory Soft Kitty Men Black Hoodie,BG,"51,95000076",Men,8AEF1343F7C60C2DEE067172F139BFE0,8
309722,17914,26/06/2022 15.04.00,,"29,04005045",Fashion Hoodies & Sweatshirts,The Big Bang Theory Soft Kitty Men Black Hoodie,BG,"51,95000076",Men,8AEF1343F7C60C2DEE067172F139BFE0,8
353043,17914,25/01/2023 7.05.15,05/02/2023 5.41.15,"29,04005045",Fashion Hoodies & Sweatshirts,The Big Bang Theory Soft Kitty Men Black Hoodie,BG,"51,95000076",Men,8AEF1343F7C60C2DEE067172F139BFE0,8
353044,17914,07/07/2022 1.07.00,,"29,04005045",Fashion Hoodies & Sweatshirts,The Big Bang Theory Soft Kitty Men Black Hoodie,BG,"51,95000076",Men,8AEF1343F7C60C2DEE067172F139BFE0,8
432527,17914,21/05/2022 19.45.50,13/07/2022 8.51.50,"29,04005045",Fashion Hoodies & Sweatshirts,The Big Bang Theory Soft Kitty Men Black Hoodie,BG,"51,95000076",Men,8AEF1343F7C60C2DEE067172F139BFE0,8
432528,17914,10/07/2022 10.03.00,,"29,04005045",Fashion Hoodies & Sweatshirts,The Big Bang Theory Soft Kitty Men Black Hoodie,BG,"51,95000076",Men,8AEF1343F7C60C2DEE067172F139BFE0,8
67249,8791,11/05/2023 11.31.32,22/05/2023 20.44.32,"24,95584054",Outerwear & Coats,Silver Down Jacket Glacier Shield Weather Resistant Womens Warm Coats CB Sports Collection,CB,"59,99000168",Women,C9BC734C0663A142B7BEC265098F8DBF,8