id,first_name,last_name,email,age,gender,state,street_address,postal_code,city,country,latitude,longitude,traffic_source,created_at
86313,Rachael,Peterson,rachaelpeterson@example.org,61,F,Mie,8499 Lori Motorway Apt. 274,513-0836,Suzuka City,Japan,"34,85181443","136,5087133",Search,02/08/2021 9.18.00
25706,Ryan,Drake,ryandrake@example.net,69,M,Acre,9862 Weeks Manors Suite 347,69917-400,Rio Branco,Brasil,"-9,945567619","-67,83560991",Organic,23/02/2020 8.39.00
34637,Vincent,Walker,vincentwalker@example.com,23,M,Acre,768 Sandra Wall Suite 127,69917-400,Rio Branco,Brasil,"-9,945567619","-67,83560991",Search,31/07/2020 10.25.00
55310,Ryan,Alexander,ryanalexander@example.net,38,M,Acre,34312 Miller Branch Apt. 960,69917-400,Rio Branco,Brasil,"-9,945567619","-67,83560991",Display,16/09/2021 7.12.00
63456,Natasha,Nguyen,natashanguyen@example.org,56,F,Acre,342 Donna Turnpike Suite 860,69917-400,Rio Branco,Brasil,"-9,945567619","-67,83560991",Search,30/05/2019 11.36.00
91795,Michelle,Johnson,michellejohnson@example.org,30,F,Acre,20377 Kenneth Shoal,69917-400,Rio Branco,Brasil,"-9,945567619","-67,83560991",Organic,30/07/2020 1.39.00
29937,Brandi,Reyes,brandireyes@example.net,66,F,Acre,97985 Pope Via Suite 693,69940-000,Sena Madureira,Brasil,"-9,857324143","-69,4370574",Search,02/10/2020 8.35.00
32564,Lori,Stewart,loristewart@example.org,62,F,Acre,102 Rivas Key Apt. 701,69940-000,Sena Madureira,Brasil,"-9,857324143","-69,4370574",Search,22/01/2022 9.45.00
40414,Samuel,Hill,samuelhill@example.com,52,M,Acre,5149 Lane Trafficway,69940-000,Sena Madureira,Brasil,"-9,857324143","-69,4370574",Organic,20/10/2021 2.27.00
49615,Tiffany,Sharp,tiffanysharp@example.com,43,F,Acre,762 Julie Heights,69940-000,Sena Madureira,Brasil,"-9,857324143","-69,4370574",Search,05/05/2023 10.21.00
65029,Christine,Gomez,christinegomez@example.org,18,F,Acre,7763 Daniel Course Suite 480,69940-000,Sena Madureira,Brasil,"-9,857324143","-69,4370574",Organic,14/07/2022 5.57.00
79054,Monique,Marsh,moniquemarsh@example.com,64,F,Acre,0894 Frederick Stravenue,69940-000,Sena Madureira,Brasil,"-9,857324143","-69,4370574",Search,20/12/2020 15.24.00
86269,Heather,Burton,heatherburton@example.org,20,F,Acre,128 Ryan Forge Apt. 479,69940-000,Sena Madureira,Brasil,"-9,857324143","-69,4370574",Search,12/06/2020 17.28.00
86938,Holly,Gregory,hollygregory@example.net,19,F,Acre,5540 Michelle Common Suite 768,69940-000,Sena Madureira,Brasil,"-9,857324143","-69,4370574",Search,10/09/2022 3.01.00
91335,Russell,Duffy,russellduffy@example.net,54,M,Acre,932 Justin Trail,69940-000,Sena Madureira,Brasil,"-9,857324143","-69,4370574",Display,26/08/2022 16.14.00
4399,Thomas,Jones,thomasjones@example.org,12,M,Acre,7714 Kimberly Pine Suite 617,69970-000,Tarauacá,Brasil,"-8,325245103","-71,55302951",Search,09/03/2022 13.44.00
8121,Benjamin,Cohen,benjamincohen@example.net,69,M,Acre,240 Ali Point Suite 467,69970-000,Tarauacá,Brasil,"-8,325245103","-71,55302951",Search,02/07/2023 3.26.49
21485,Eric,Proctor,ericproctor@example.net,19,M,Acre,5761 Paul Corner,69970-000,Tarauacá,Brasil,"-8,325245103","-71,55302951",Search,22/04/2023 11.13.00
47518,Cynthia,Johnson,cynthiajohnson@example.org,35,F,Acre,414 Jackson Crescent,69970-000,Tarauacá,Brasil,"-8,325245103","-71,55302951",Search,23/09/2021 13.35.00
61851,Nicholas,Wright,nicholaswright@example.com,16,M,Acre,570 James Place,69970-000,Tarauacá,Brasil,"-8,325245103","-71,55302951",Organic,12/04/2021 1.26.00
62710,Erica,Wilson,ericawilson@example.net,21,F,Acre,47778 Kaitlyn Lodge,69970-000,Tarauacá,Brasil,"-8,325245103","-71,55302951",Email,02/07/2022 9.36.00
79835,Gregory,Noble,gregorynoble@example.net,38,M,Acre,15691 Jason Lock,69970-000,Tarauacá,Brasil,"-8,325245103","-71,55302951",Search,29/12/2020 17.11.00
4092,Kelly,Warren,kellywarren@example.org,13,F,Acre,8621 Blair Port Suite 211,69980-000,null,Brasil,"-8,065346116","-72,87094866",Search,04/02/2022 0.00.00
15918,Scott,Trevino,scotttrevino@example.com,53,M,Acre,3852 Burnett Hollow Apt. 253,69980-000,null,Brasil,"-8,065346116","-72,87094866",Facebook,26/04/2020 14.33.00
23077,Heather,Farrell,heatherfarrell@example.org,40,F,Acre,895 Nielsen Terrace Apt. 014,69980-000,null,Brasil,"-8,065346116","-72,87094866",Search,19/06/2022 6.41.00
29052,Brian,Anderson,briananderson@example.net,47,M,Acre,47391 Mcdaniel Fall,69980-000,null,Brasil,"-8,065346116","-72,87094866",Search,01/11/2019 5.25.00
36930,Michelle,Thomas,michellethomas@example.com,45,F,Acre,59728 Hicks Spur Suite 531,69980-000,null,Brasil,"-8,065346116","-72,87094866",Organic,28/11/2019 15.25.00
38046,Mark,Holland,markholland@example.com,38,M,Acre,624 Katie Estates,69980-000,null,Brasil,"-8,065346116","-72,87094866",Search,13/05/2022 15.52.00
44593,Michael,Baker,michaelbaker@example.com,66,M,Acre,7656 Julian Trail Suite 114,69980-000,null,Brasil,"-8,065346116","-72,87094866",Search,06/09/2021 2.04.00
46266,Lee,Young,leeyoung@example.org,56,M,Acre,19579 Webb Shoals Apt. 352,69980-000,null,Brasil,"-8,065346116","-72,87094866",Organic,21/04/2023 2.34.00
50843,Robert,Hicks,roberthicks@example.org,22,M,Acre,8977 Glenn Track,69980-000,null,Brasil,"-8,065346116","-72,87094866",Search,23/01/2021 12.08.00
51314,Jade,Jefferson,jadejefferson@example.com,66,F,Acre,897 Colleen Extension Apt. 776,69980-000,null,Brasil,"-8,065346116","-72,87094866",Organic,08/01/2023 16.20.00
61738,Michelle,Pierce,michellepierce@example.net,58,F,Acre,13864 Rodriguez Island,69980-000,null,Brasil,"-8,065346116","-72,87094866",Search,06/04/2020 14.26.00
71262,Susan,Phillips,susanphillips@example.com,16,F,Acre,343 Mark Land Apt. 068,69980-000,null,Brasil,"-8,065346116","-72,87094866",Search,22/05/2019 10.06.00
79668,Robert,Higgins,roberthiggins@example.org,59,M,Acre,034 Anthony Ferry,69980-000,null,Brasil,"-8,065346116","-72,87094866",Search,30/06/2019 0.31.00
82177,Dustin,Carey,dustincarey@example.com,57,M,Acre,3731 Roger Port Suite 184,69980-000,null,Brasil,"-8,065346116","-72,87094866",Search,19/01/2021 6.13.00
83024,Jamie,Owens,jamieowens@example.net,43,F,Acre,850 Bennett Passage,69980-000,null,Brasil,"-8,065346116","-72,87094866",Organic,17/10/2022 1.20.00
10087,Kathryn,Carr,kathryncarr@example.org,57,F,Gifu,777 Thompson Inlet,507-0901,Tajimi City,Japan,"35,2940372","137,1606303",Email,27/08/2021 16.28.00
17434,Holly,Turner,hollyturner@example.net,17,F,Gifu,45836 Daniels Roads,507-0901,Tajimi City,Japan,"35,2940372","137,1606303",Email,29/03/2021 14.10.00
38851,Michelle,Gardner,michellegardner@example.net,52,F,Gifu,558 Acosta Way,507-0901,Tajimi City,Japan,"35,2940372","137,1606303",Email,05/06/2019 7.30.00
25284,Melissa,Powell,melissapowell@example.net,32,F,Gifu,351 Brenda Port,509-0206,Visa city,Japan,"35,42476281","137,0152741",Search,04/06/2020 1.55.00
54255,Stephen,Simmons,stephensimmons@example.net,70,M,Gifu,255 Maria Tunnel Suite 831,509-5122,Eco-shi,Japan,"35,34124521","137,1766262",Organic,24/11/2019 4.08.00
5504,Danielle,Jones,daniellejones@example.net,44,F,Iowa,46028 Shaffer Loop,50010,Ames,United States,"42,03294842","-93,59109706",Organic,10/05/2020 4.37.00
51966,Jaime,Baker,jaimebaker@example.org,70,M,Iowa,12292 Brown Ways Apt. 064,50010,Ames,United States,"42,03294842","-93,59109706",Search,23/10/2022 3.20.00
69128,Theresa,Ray,theresaray@example.org,44,F,Iowa,0619 William Harbors,50010,Ames,United States,"42,03294842","-93,59109706",Search,13/01/2023 9.47.00
95595,Mary,Dean,marydean@example.com,68,F,Iowa,476 Kayla Plains Apt. 225,50010,Ames,United States,"42,03294842","-93,59109706",Organic,12/07/2020 3.05.00
9950,Jessica,Bell,jessicabell@example.net,38,F,Iowa,859 Jason Fort Apt. 691,50014,Ames,United States,"42,05085639","-93,69778249",Search,27/01/2021 18.09.00
76962,Erika,Kim,erikakim@example.com,18,F,Iowa,42005 Maria Pines Apt. 760,50014,Ames,United States,"42,05085639","-93,69778249",Search,16/07/2021 11.49.00
44565,Diane,Russell,dianerussell@example.net,15,F,Iowa,318 Barajas Inlet,50021,Ankeny,United States,"41,72312769","-93,57319618",Organic,11/04/2019 7.59.00
50651,Diana,Nelson,diananelson@example.org,12,F,Iowa,3917 Earl Park,50021,Ankeny,United States,"41,72312769","-93,57319618",Search,09/09/2022 8.02.00
17993,Jimmy,Morris,jimmymorris@example.net,42,M,Iowa,4937 Norman Keys Suite 054,50023,Ankeny,United States,"41,72692042","-93,63137457",Search,09/12/2020 14.41.00
54609,John,Harrell,johnharrell@example.net,40,M,Iowa,3631 Robert Burgs,50023,Ankeny,United States,"41,72692042","-93,63137457",Search,28/03/2019 0.49.00
58497,Matthew,Martinez,matthewmartinez@example.net,18,M,Iowa,8443 Anne Ridges Apt. 805,50023,Ankeny,United States,"41,72692042","-93,63137457",Search,07/08/2019 14.02.00
67038,Carrie,Moore,carriemoore@example.com,58,F,Iowa,6917 Austin Pines Suite 525,50023,Ankeny,United States,"41,72692042","-93,63137457",Search,28/06/2019 12.30.00
74790,Sara,Turner,saraturner@example.com,69,F,Iowa,4042 Garcia Locks Suite 270,50023,Ankeny,United States,"41,72692042","-93,63137457",Organic,06/03/2021 4.28.00
79802,Kristi,Steele,krististeele@example.com,13,F,Iowa,818 Owens Passage,50023,Ankeny,United States,"41,72692042","-93,63137457",Facebook,13/11/2021 3.19.00
47254,Alexander,Coleman,alexandercoleman@example.net,43,M,Iowa,043 Brandon Court Suite 078,50158,Marshalltown,United States,"42,05021584","-92,90257229",Search,21/02/2019 6.46.00
50790,Ashley,Ingram,ashleyingram@example.org,15,F,Iowa,69995 William Hills,50158,Marshalltown,United States,"42,05021584","-92,90257229",Organic,22/04/2020 16.09.00
58399,Sheryl,Johnson,sheryljohnson@example.net,32,F,Iowa,60202 Knight Fields,50158,Marshalltown,United States,"42,05021584","-92,90257229",Search,21/05/2020 2.16.00
60741,Robin,Curtis,robincurtis@example.com,43,F,Iowa,388 Moon Brook Suite 520,50158,Marshalltown,United States,"42,05021584","-92,90257229",Organic,20/01/2020 9.03.00
10254,Nicholas,Hunt,nicholashunt@example.com,12,M,Iowa,51589 Nicholas Mission,50263,Waukee,United States,"41,60340569","-93,87691664",Search,05/07/2020 12.16.00
65576,Christopher,Pearson,christopherpearson@example.com,38,M,Iowa,477 Lauren Parkway Suite 904,50263,Waukee,United States,"41,60340569","-93,87691664",Search,22/12/2020 9.41.00
88950,Garrett,Woodward,garrettwoodward@example.com,61,M,Iowa,8044 Hopkins Spring Suite 284,50263,Waukee,United States,"41,60340569","-93,87691664",Search,25/09/2019 6.12.00
16937,Michele,Adams,micheleadams@example.com,17,F,Iowa,39904 Mejia Junction,50265,West Des Moines,United States,"41,55493287","-93,73686293",Organic,19/10/2022 4.26.00
52470,Susan,Mahoney,susanmahoney@example.net,26,F,Iowa,046 Collins Walks,50265,West Des Moines,United States,"41,55493287","-93,73686293",Search,31/08/2019 10.25.00
56416,Amanda,Cooper,amandacooper@example.org,31,F,Iowa,17571 Jones Rapids,50265,West Des Moines,United States,"41,55493287","-93,73686293",Search,11/06/2022 11.50.00
90862,Jeffrey,Walker,jeffreywalker@example.net,41,M,Iowa,550 Oliver Mountains,50265,West Des Moines,United States,"41,55493287","-93,73686293",Email,12/12/2019 14.35.00
81,Steven,Davis,stevendavis@example.net,32,M,Iowa,84459 Gomez Glen Apt. 896,50266,West Des Moines,United States,"41,56696467","-93,80123444",Search,01/08/2022 18.46.00
38693,Maria,Carter,mariacarter@example.net,26,F,Iowa,16029 Laura Hills,50266,West Des Moines,United States,"41,56696467","-93,80123444",Search,30/12/2021 18.42.00
51188,Tyler,Ramos,tylerramos@example.net,45,M,Iowa,247 Bridget Wall Suite 139,50266,West Des Moines,United States,"41,56696467","-93,80123444",Search,13/05/2022 14.16.00
99217,Kristen,Brown,kristenbrown@example.com,47,F,Iowa,07564 Hayes Isle Apt. 594,50266,West Des Moines,United States,"41,56696467","-93,80123444",Search,01/04/2020 10.18.00
18371,Monique,Ford,moniqueford@example.org,13,F,Iowa,799 Olsen Vista,50310,Des Moines,United States,"41,62847322","-93,67298722",Search,04/07/2023 12.44.21
26894,James,Fuentes,jamesfuentes@example.net,67,M,Iowa,1855 Deborah Neck,50310,Des Moines,United States,"41,62847322","-93,67298722",Search,09/03/2019 14.15.00
43852,Joshua,Leonard,joshualeonard@example.org,40,M,Iowa,5614 Davis Route,50310,Des Moines,United States,"41,62847322","-93,67298722",Search,19/03/2022 12.15.00
54174,Alicia,Hayes,aliciahayes@example.org,32,F,Iowa,08325 Samantha Fork,50310,Des Moines,United States,"41,62847322","-93,67298722",Search,29/04/2023 1.52.00
74447,Leah,Tucker,leahtucker@example.com,55,F,Iowa,8729 David Locks Suite 466,50310,Des Moines,United States,"41,62847322","-93,67298722",Search,13/08/2022 5.31.00
96517,Catherine,Stout,catherinestout@example.net,14,F,Iowa,941 Brady Creek,50310,Des Moines,United States,"41,62847322","-93,67298722",Search,18/04/2022 0.01.00
31428,Angela,Smith,angelasmith@example.net,42,F,Iowa,51380 Ayala Trail,50315,Des Moines,United States,"41,54423249","-93,62022787",Organic,12/12/2022 0.39.00
85183,Mark,Gilbert,markgilbert@example.net,40,M,Iowa,4006 Elizabeth Landing Apt. 412,50315,Des Moines,United States,"41,54423249","-93,62022787",Search,10/01/2021 11.52.00
15395,Stephanie,Anthony,stephanieanthony@example.org,61,F,Iowa,6486 Thompson Union Suite 157,50317,Des Moines,United States,"41,61672648","-93,54955984",Search,27/07/2019 3.46.00
37630,Robin,Perez,robinperez@example.org,14,F,Iowa,99276 Edward Flat Suite 592,50317,Des Moines,United States,"41,61672648","-93,54955984",Search,07/03/2022 8.37.00
42863,Robin,Rivers,robinrivers@example.org,39,F,Iowa,098 Horn Drive Apt. 151,50317,Des Moines,United States,"41,61672648","-93,54955984",Email,13/06/2023 7.23.00
96309,William,Archer,williamarcher@example.net,26,M,Iowa,489 Maureen Oval Suite 984,50317,Des Moines,United States,"41,61672648","-93,54955984",Organic,24/11/2020 0.35.00
11712,Melissa,Smith,melissasmith@example.net,33,F,Iowa,55379 Laura Isle Apt. 790,50322,Urbandale,United States,"41,63374603","-93,73592518",Organic,09/09/2019 15.07.00
15059,Frederick,Howell,frederickhowell@example.org,13,M,Iowa,108 Harris Meadow,50322,Urbandale,United States,"41,63374603","-93,73592518",Search,26/01/2019 6.06.00
95678,Denise,Drake,denisedrake@example.com,31,F,Iowa,898 Stacey Park,50322,Urbandale,United States,"41,63374603","-93,73592518",Email,19/12/2019 14.25.00
26130,Alison,Parrish,alisonparrish@example.net,21,F,Iowa,50619 Chen Village,50501,Fort Dodge,United States,"42,49697782","-94,19179307",Search,04/02/2023 7.24.00
31547,Destiny,Castillo,destinycastillo@example.net,39,F,Iowa,87626 Hicks Parkway Suite 201,50501,Fort Dodge,United States,"42,49697782","-94,19179307",Search,01/02/2019 8.25.00
45928,Ann,Matthews,annmatthews@example.org,33,F,Iowa,5271 Smith Mews,50501,Fort Dodge,United States,"42,49697782","-94,19179307",Search,27/05/2023 3.32.00
27928,Michael,Fisher,michaelfisher@example.org,48,M,Iowa,72984 Christine Motorway Suite 523,50613,Cedar Falls,United States,"42,53058701","-92,49377669",Search,14/07/2020 0.31.00
27964,Ronald,Rodriguez,ronaldrodriguez@example.com,43,M,Iowa,119 Michael Squares,50613,Cedar Falls,United States,"42,53058701","-92,49377669",Search,01/09/2022 4.45.00
70865,Michael,Nguyen,michaelnguyen@example.net,29,M,Iowa,738 Daniel Ports Apt. 116,50613,Cedar Falls,United States,"42,53058701","-92,49377669",Search,21/07/2022 17.49.00
81852,Ronnie,Thompson,ronniethompson@example.org,14,M,Iowa,0194 Dawn Course Suite 345,50613,Cedar Falls,United States,"42,53058701","-92,49377669",Search,12/07/2021 0.22.00
92132,Kimberly,Hanson,kimberlyhanson@example.com,44,F,Iowa,948 Young Lock,50613,Cedar Falls,United States,"42,53058701","-92,49377669",Search,12/12/2022 15.06.00
96035,Jeremy,Hernandez,jeremyhernandez@example.com,14,M,Iowa,142 Tammy Circles,50613,Cedar Falls,United States,"42,53058701","-92,49377669",Search,10/02/2023 5.20.00
11994,Christopher,Powers,christopherpowers@example.net,38,M,Iowa,2474 Darlene Springs,50701,Waterloo,United States,"42,41842434","-92,34214385",Search,16/05/2020 1.00.00
65563,Angela,Johnson,angelajohnson@example.com,32,F,Iowa,0175 Michelle Lane,50701,Waterloo,United States,"42,41842434","-92,34214385",Organic,14/12/2020 14.13.00
79046,Julie,Knight,julieknight@example.net,43,F,Iowa,7521 Morton Harbor,50701,Waterloo,United States,"42,41842434","-92,34214385",Search,09/09/2020 8.20.00
2292,Cheryl,Cole,cherylcole@example.com,26,F,Iowa,359 Parker Prairie Suite 731,51106,Sioux City,United States,"42,46540472","-96,32538769",Facebook,02/11/2022 10.12.00
52097,Kenneth,Wells,kennethwells@example.net,41,M,Iowa,561 Smith Tunnel,51106,Sioux City,United States,"42,46540472","-96,32538769",Search,21/05/2019 0.14.00
57284,Christian,Kirby,christiankirby@example.com,20,M,Iowa,56215 Cabrera Isle Apt. 154,51106,Sioux City,United States,"42,46540472","-96,32538769",Search,15/07/2019 14.48.00
70810,Robert,Davis,robertdavis@example.org,37,M,Iowa,71884 Amy Streets Apt. 390,51106,Sioux City,United States,"42,46540472","-96,32538769",Search,16/11/2019 17.39.00
68615,Elizabeth,Gonzalez,elizabethgonzalez@example.org,60,F,Iowa,2862 Murphy Wells Apt. 577,51501,Council Bluffs,United States,"41,22723883","-95,87856885",Search,13/06/2023 12.54.00
78253,Ricky,Schwartz,rickyschwartz@example.com,63,M,Iowa,42937 Sanders Ranch,51501,Council Bluffs,United States,"41,22723883","-95,87856885",Search,04/02/2019 17.07.00
80224,Timothy,Nguyen,timothynguyen@example.net,52,M,Iowa,895 Kim Estate,51501,Council Bluffs,United States,"41,22723883","-95,87856885",Search,13/08/2022 7.04.00
94081,Jose,Jenkins,josejenkins@example.com,64,M,Iowa,58889 Kristy Park,51501,Council Bluffs,United States,"41,22723883","-95,87856885",Search,04/07/2023 2.42.53
97339,Barbara,Thomas,barbarathomas@example.com,63,F,Iowa,54898 Smith Falls Apt. 484,51501,Council Bluffs,United States,"41,22723883","-95,87856885",Search,02/07/2023 16.48.19
98454,Ashley,Davidson,ashleydavidson@example.org,53,F,Iowa,273 Ricky Grove Apt. 123,51501,Council Bluffs,United States,"41,22723883","-95,87856885",Search,12/07/2021 0.08.00
6484,Pamela,Wells,pamelawells@example.net,33,F,Iowa,037 Booth Trail,51503,Council Bluffs,United States,"41,22992127","-95,77466341",Organic,04/05/2021 17.01.00
35950,Jonathan,Benson,jonathanbenson@example.com,41,M,Iowa,75616 Sloan Shores Suite 818,51503,Council Bluffs,United States,"41,22992127","-95,77466341",Search,16/11/2022 0.36.00
41418,James,Weber,jamesweber@example.com,49,M,Iowa,947 Valerie Locks,51503,Council Bluffs,United States,"41,22992127","-95,77466341",Organic,13/04/2021 2.27.00
47524,Mario,Holmes,marioholmes@example.org,68,M,Iowa,543 Mcdonald Street,51503,Council Bluffs,United States,"41,22992127","-95,77466341",Organic,05/08/2019 13.32.00
57331,Christopher,Mcgee,christophermcgee@example.org,64,M,Iowa,675 Marvin Junctions Apt. 056,51503,Council Bluffs,United States,"41,22992127","-95,77466341",Organic,29/06/2019 12.51.00
10888,Jerry,Reed,jerryreed@example.net,39,M,Iowa,414 Michelle Prairie Apt. 445,52001,Dubuque,United States,"42,55110128","-90,69384671",Organic,06/01/2021 1.15.00
11338,Steven,Hernandez,stevenhernandez@example.net,19,M,Iowa,2578 Williams River Suite 836,52001,Dubuque,United States,"42,55110128","-90,69384671",Facebook,16/07/2019 2.34.00
37389,Krista,Martinez,kristamartinez@example.org,14,F,Iowa,15530 Kara Ridges Apt. 563,52001,Dubuque,United States,"42,55110128","-90,69384671",Search,22/05/2019 5.46.00
42455,Matthew,Carlson,matthewcarlson@example.org,65,M,Iowa,723 Tommy Orchard Apt. 873,52001,Dubuque,United States,"42,55110128","-90,69384671",Search,27/06/2021 3.40.00
43139,William,Blake,williamblake@example.com,47,M,Iowa,23524 Palmer Unions Apt. 029,52001,Dubuque,United States,"42,55110128","-90,69384671",Search,05/09/2020 10.29.00
58286,Sabrina,Beck,sabrinabeck@example.org,47,F,Iowa,24582 Tina Tunnel Apt. 451,52001,Dubuque,United States,"42,55110128","-90,69384671",Search,14/09/2022 9.12.00
73688,Terry,Weaver,terryweaver@example.org,24,M,Iowa,0021 Lopez Throughway Apt. 309,52001,Dubuque,United States,"42,55110128","-90,69384671",Search,14/04/2022 17.49.00
1825,Stephanie,Ruiz,stephanieruiz@example.org,25,F,Iowa,007 Jones Islands,52240,Iowa City,United States,"41,63145263","-91,50193352",Search,13/05/2020 5.36.00
17254,Brandon,Marshall,brandonmarshall@example.com,18,M,Iowa,49132 Martin Trail Apt. 933,52240,Iowa City,United States,"41,63145263","-91,50193352",Search,07/03/2020 9.29.00
21763,Daniel,Walker,danielwalker@example.com,62,M,Iowa,63581 Amanda Prairie,52240,Iowa City,United States,"41,63145263","-91,50193352",Search,16/01/2019 2.34.00
55941,Sandy,Crawford,sandycrawford@example.org,23,F,Iowa,2324 Carly Lodge Apt. 740,52240,Iowa City,United States,"41,63145263","-91,50193352",Search,19/07/2019 8.23.00
34502,Ashley,Harrison,ashleyharrison@example.com,22,F,Iowa,20118 Valerie Orchard Apt. 372,52246,Iowa City,United States,"41,64986027","-91,60086371",Search,17/08/2020 10.11.00
76132,Amy,Clay,amyclay@example.net,68,F,Iowa,4754 Ruben Harbors,52246,Iowa City,United States,"41,64986027","-91,60086371",Search,03/10/2019 1.42.00
81185,Christine,Mcclure,christinemcclure@example.org,42,F,Iowa,73298 William Drives Suite 515,52246,Iowa City,United States,"41,64986027","-91,60086371",Search,01/05/2021 12.46.00
7972,Anita,Archer,anitaarcher@example.org,47,F,Iowa,06739 Mendez Road Apt. 718,52302,Marion,United States,"42,0685013","-91,57154494",Search,30/05/2023 6.35.00
13214,Alexa,Gaines,alexagaines@example.net,56,F,Iowa,9814 Jason Coves,52302,Marion,United States,"42,0685013","-91,57154494",Organic,11/07/2019 11.35.00
27829,Emily,Smith,emilysmith@example.org,57,F,Iowa,7376 Andrew Ramp,52302,Marion,United States,"42,0685013","-91,57154494",Search,18/03/2020 8.35.00
44286,Jamie,Stark,jamiestark@example.com,36,F,Iowa,98149 Sergio Lane Apt. 921,52302,Marion,United States,"42,0685013","-91,57154494",Display,08/03/2023 7.19.00
69500,Christopher,Bowers,christopherbowers@example.net,61,M,Iowa,7000 Nina Shores Suite 442,52302,Marion,United States,"42,0685013","-91,57154494",Search,06/05/2022 13.48.00
75683,Deborah,Diaz,deborahdiaz@example.org,55,F,Iowa,46893 Preston Crest,52302,Marion,United States,"42,0685013","-91,57154494",Search,29/09/2020 0.25.00
87096,Margaret,Watts,margaretwatts@example.org,23,F,Iowa,43559 Moore Center Suite 176,52302,Marion,United States,"42,0685013","-91,57154494",Display,01/09/2022 8.17.00
96798,Lisa,Nelson,lisanelson@example.org,42,F,Iowa,03124 Houston Dam Suite 180,52302,Marion,United States,"42,0685013","-91,57154494",Email,04/12/2020 11.42.00
739,Julie,Wilson,juliewilson@example.com,14,F,Iowa,96282 Romero Corners,52402,Cedar Rapids,United States,"42,02316793","-91,65887589",Search,27/06/2021 4.54.00
23635,Jennifer,Hunt,jenniferhunt@example.net,58,F,Iowa,3388 Branch Ranch Apt. 213,52404,Cedar Rapids,United States,"41,92459473","-91,69758075",Search,12/02/2022 1.29.00
23938,Haley,Reyes,haleyreyes@example.org,25,F,Iowa,463 Henderson Inlet,52404,Cedar Rapids,United States,"41,92459473","-91,69758075",Facebook,26/05/2021 7.08.00
29714,Gary,Jones,garyjones@example.com,44,M,Iowa,9584 Roger Brook,52404,Cedar Rapids,United States,"41,92459473","-91,69758075",Search,09/05/2022 14.34.00
55155,Mark,Nichols,marknichols@example.org,48,M,Iowa,8366 Rodriguez Rest,52404,Cedar Rapids,United States,"41,92459473","-91,69758075",Search,31/03/2020 4.11.00
66573,Amy,Barr,amybarr@example.net,36,F,Iowa,23777 Sarah Skyway Apt. 337,52404,Cedar Rapids,United States,"41,92459473","-91,69758075",Search,03/08/2021 4.50.00
75621,Stacy,Scott,stacyscott@example.org,53,F,Iowa,8786 Price Drive,52404,Cedar Rapids,United States,"41,92459473","-91,69758075",Organic,20/03/2022 15.23.00
13378,Jennifer,Peterson,jenniferpeterson@example.com,33,F,Iowa,94852 Zimmerman Trail Suite 370,52405,Cedar Rapids,United States,"41,98572539","-91,75085249",Search,15/07/2021 17.12.00
26494,Dakota,Tapia,dakotatapia@example.com,62,M,Iowa,9139 Gonzalez Divide,52405,Cedar Rapids,United States,"41,98572539","-91,75085249",Organic,07/04/2022 17.18.00
29991,Kelly,Davis,kellydavis@example.com,65,F,Iowa,484 Amanda Estate,52405,Cedar Rapids,United States,"41,98572539","-91,75085249",Organic,29/05/2021 12.53.00
41397,Bonnie,Morris,bonniemorris@example.org,31,F,Iowa,47529 Jessica Forges Suite 934,52405,Cedar Rapids,United States,"41,98572539","-91,75085249",Facebook,27/09/2021 14.37.00
41499,Julie,Martinez,juliemartinez@example.net,61,F,Iowa,28199 Lee Plaza,52405,Cedar Rapids,United States,"41,98572539","-91,75085249",Search,18/03/2023 17.13.00
47361,James,Allen,jamesallen@example.com,44,M,Iowa,7543 Sherry Hills Suite 429,52405,Cedar Rapids,United States,"41,98572539","-91,75085249",Facebook,25/06/2020 17.37.00
89870,Christopher,Pierce,christopherpierce@example.org,19,M,Iowa,98290 Jimmy Brook,52405,Cedar Rapids,United States,"41,98572539","-91,75085249",Search,23/06/2023 2.41.00
8036,Alexandria,Martinez,alexandriamartinez@example.org,38,F,Iowa,54285 Williams Burgs,52501,Ottumwa,United States,"41,043691","-92,42882185",Search,19/08/2019 7.26.00
11061,William,Rocha,williamrocha@example.net,33,M,Iowa,51865 Julie Orchard,52501,Ottumwa,United States,"41,043691","-92,42882185",Search,01/09/2022 11.59.00
38592,Antonio,Williams,antoniowilliams@example.org,19,M,Iowa,476 Kim Estate Apt. 718,52501,Ottumwa,United States,"41,043691","-92,42882185",Organic,22/05/2023 13.55.00
55964,Justin,Little,justinlittle@example.net,42,M,Iowa,5082 James Neck Suite 297,52501,Ottumwa,United States,"41,043691","-92,42882185",Facebook,13/03/2020 18.42.00
63920,Stacey,Santiago,staceysantiago@example.org,58,F,Iowa,02489 Gonzalez Hollow Suite 070,52501,Ottumwa,United States,"41,043691","-92,42882185",Search,07/09/2020 9.12.00
65271,Michelle,Osborne,michelleosborne@example.net,44,F,Iowa,295 Wyatt Ramp,52501,Ottumwa,United States,"41,043691","-92,42882185",Search,29/12/2019 16.45.00
79058,Morgan,Morales,morganmorales@example.com,32,F,Iowa,79936 Ellis Ways,52501,Ottumwa,United States,"41,043691","-92,42882185",Search,22/04/2023 0.14.00
10390,Donald,Rubio,donaldrubio@example.net,69,M,Iowa,870 Kayla Fort Suite 121,52601,Burlington,United States,"40,85364557","-91,1162663",Email,28/10/2019 3.44.00
42848,Adriana,Johnson,adrianajohnson@example.net,24,F,Iowa,642 Rivera Spur Apt. 646,52601,Burlington,United States,"40,85364557","-91,1162663",Search,08/04/2023 12.23.00
65742,Alexa,Jones,alexajones@example.net,62,F,Iowa,956 Wallace Crossroad,52601,Burlington,United States,"40,85364557","-91,1162663",Search,02/05/2021 14.43.00
36774,Victoria,Gonzales,victoriagonzales@example.com,30,F,Iowa,8668 Tyler Islands,52722,Bettendorf,United States,"41,56430189","-90,4682523",Search,08/02/2022 14.04.00
65535,Joshua,Ward,joshuaward@example.com,21,M,Iowa,718 Gibson Ville,52722,Bettendorf,United States,"41,56430189","-90,4682523",Search,23/08/2022 15.07.00
39321,Jennifer,Alvarez,jenniferalvarez@example.net,25,F,Iowa,784 Alec Prairie Apt. 441,52732,Clinton,United States,"41,89916445","-90,24912041",Email,15/02/2019 18.45.00
50118,Rebecca,Clark,rebeccaclark@example.com,39,F,Iowa,1756 Cunningham Streets,52732,Clinton,United States,"41,89916445","-90,24912041",Search,24/05/2023 3.36.00
70957,Kenneth,Parsons,kennethparsons@example.org,43,M,Iowa,39473 Fuller Fort Suite 375,52732,Clinton,United States,"41,89916445","-90,24912041",Organic,31/05/2021 13.09.00
13637,Tina,Johnson,tinajohnson@example.net,68,F,Iowa,40114 Kimberly Avenue,52761,Muscatine,United States,"41,44853376","-91,04640746",Search,13/11/2021 11.52.00
56202,Jessica,Ortiz,jessicaortiz@example.com,36,F,Iowa,9226 April Corners,52761,Muscatine,United States,"41,44853376","-91,04640746",Search,03/12/2021 3.48.00
79541,Brittany,Garcia,brittanygarcia@example.org,44,F,Iowa,260 Fernando Viaduct Apt. 948,52761,Muscatine,United States,"41,44853376","-91,04640746",Search,21/12/2019 8.47.00
95516,Lauren,Henry,laurenhenry@example.com,23,F,Iowa,826 Janice Ford Apt. 212,52761,Muscatine,United States,"41,44853376","-91,04640746",Search,06/07/2020 16.41.00
34152,Jessica,Wright,jessicawright@example.org,51,F,Iowa,91595 Gross Village Apt. 146,52806,Davenport,United States,"41,58861729","-90,62777966",Search,11/06/2023 14.46.00
44469,Carrie,Morales,carriemorales@example.com,34,F,Iowa,592 Jeffrey Pines Suite 847,52806,Davenport,United States,"41,58861729","-90,62777966",Organic,16/10/2021 8.55.00
62029,Ronald,Bates,ronaldbates@example.com,56,M,Iowa,71401 Mccoy Knolls Apt. 364,52806,Davenport,United States,"41,58861729","-90,62777966",Organic,11/11/2022 18.44.00
4249,Jeffrey,Mccarthy,jeffreymccarthy@example.net,64,M,Nara,268 Alyssa Neck,630-0101,Ikoma City,Japan,"34,75243762","135,7236944",Search,25/07/2020 3.08.00
80247,Ronald,Wheeler,ronaldwheeler@example.net,20,M,Nara,20991 Donald Orchard Suite 044,630-0101,Ikoma City,Japan,"34,75243762","135,7236944",Search,14/10/2020 7.23.00
12504,Scott,Davidson,scottdavidson@example.com,12,M,Nara,79443 Cassidy Islands,639-0214,Locality,Japan,"34,56050884","135,7162373",Search,15/01/2022 16.44.00
88887,Samantha,Gonzales,samanthagonzales@example.net,33,F,Nara,657 William Village,639-0214,Locality,Japan,"34,56050884","135,7162373",Search,25/02/2019 10.38.00
28182,Mark,Ortega,markortega@example.com,23,M,Ohio,70718 Richards Roads,43015,Delaware,United States,"40,29746726","-83,06203647",Search,28/10/2020 2.07.00
51222,Ryan,Wall,ryanwall@example.net,59,M,Ohio,5470 Chelsea Valley,43015,Delaware,United States,"40,29746726","-83,06203647",Search,20/08/2022 18.26.00
59257,Thomas,Schultz,thomasschultz@example.com,57,M,Ohio,37409 Larry Lake Suite 675,43015,Delaware,United States,"40,29746726","-83,06203647",Search,10/12/2022 12.24.00
66774,Joshua,Robles,joshuarobles@example.net,59,M,Ohio,30304 Nicole Trace Apt. 968,43015,Delaware,United States,"40,29746726","-83,06203647",Search,04/04/2023 0.57.00
97561,Jennifer,Murphy,jennifermurphy@example.net,21,F,Ohio,654 Donna Loop,43015,Delaware,United States,"40,29746726","-83,06203647",Search,18/12/2019 2.09.00
2637,Troy,Rivera,troyrivera@example.net,26,M,Ohio,61376 Yoder Points Suite 572,43016,Dublin,United States,"40,09559699","-83,15338995",Organic,27/04/2023 7.20.00
26624,Jeffrey,Wall,jeffreywall@example.com,66,M,Ohio,5543 Valerie Point,43016,Dublin,United States,"40,09559699","-83,15338995",Search,15/07/2022 3.06.00
37970,Jill,Watson,jillwatson@example.net,43,F,Ohio,2764 Sean Points,43016,Dublin,United States,"40,09559699","-83,15338995",Search,13/01/2022 17.21.00
65043,Heidi,Dalton,heididalton@example.org,70,F,Ohio,5661 Sanders Cove,43016,Dublin,United States,"40,09559699","-83,15338995",Search,28/02/2022 4.50.00
85481,Shannon,Acevedo,shannonacevedo@example.net,47,F,Ohio,4124 Morse Ridges,43016,Dublin,United States,"40,09559699","-83,15338995",Organic,24/02/2023 8.39.00
5713,Daniel,Horne,danielhorne@example.org,43,M,Ohio,114 Michael Via,43017,Dublin,United States,"40,11868959","-83,13088525",Search,05/02/2020 10.07.00
7569,Kristina,Diaz,kristinadiaz@example.com,57,F,Ohio,5732 Taylor Isle,43017,Dublin,United States,"40,11868959","-83,13088525",Display,24/08/2019 7.37.00
15554,Anna,Duran,annaduran@example.org,30,F,Ohio,4605 Carter Ports Apt. 661,43017,Dublin,United States,"40,11868959","-83,13088525",Organic,13/05/2020 14.58.00
73128,Alexandra,Moore,alexandramoore@example.net,70,F,Ohio,098 Wesley Trail Apt. 687,43017,Dublin,United States,"40,11868959","-83,13088525",Search,26/09/2019 11.47.00
89946,Jessica,Howard,jessicahoward@example.net,14,F,Ohio,4368 Medina Oval,43017,Dublin,United States,"40,11868959","-83,13088525",Search,09/04/2022 6.02.00
6215,Lisa,Baird,lisabaird@example.com,22,F,Ohio,10036 Tanner Drive,43026,Hilliard,United States,"40,02299131","-83,1844949",Organic,07/09/2021 2.15.00
89967,Stephanie,Sullivan,stephaniesullivan@example.org,36,F,Ohio,71531 Frederick Rapids,43026,Hilliard,United States,"40,02299131","-83,1844949",Search,02/01/2019 9.57.00
97917,Michelle,Johnson,michellejohnson@example.net,17,F,Ohio,3598 Mark Pike,43026,Hilliard,United States,"40,02299131","-83,1844949",Facebook,27/02/2022 18.52.00
39147,Lisa,Burton,lisaburton@example.com,34,F,Ohio,81156 Carey Grove Apt. 553,43035,Lewis Center,United States,"40,18673438","-82,99500607",Organic,14/06/2023 5.22.00
51206,Jason,Fitzpatrick,jasonfitzpatrick@example.com,44,M,Ohio,790 Leah Harbors,43035,Lewis Center,United States,"40,18673438","-82,99500607",Search,14/11/2019 18.27.00
74929,Maria,Simon,mariasimon@example.net,51,F,Ohio,481 Sanchez Curve Suite 557,43035,Lewis Center,United States,"40,18673438","-82,99500607",Search,09/05/2023 4.06.00
86814,Lisa,Miller,lisamiller@example.com,56,F,Ohio,536 Chavez Burgs,43035,Lewis Center,United States,"40,18673438","-82,99500607",Search,09/08/2021 13.35.00
18131,Ashley,Sanchez,ashleysanchez@example.net,38,F,Ohio,4202 Robert Haven,43040,Marysville,United States,"40,26014963","-83,36015738",Search,21/10/2022 10.15.00
19181,Brandon,Tran,brandontran@example.com,48,M,Ohio,1386 Todd Pine Apt. 570,43040,Marysville,United States,"40,26014963","-83,36015738",Search,15/12/2020 5.34.00
2422,Susan,Ayala,susanayala@example.net,40,F,Ohio,7665 Burke Road,43055,Newark,United States,"40,11731433","-82,37949893",Organic,10/02/2023 11.02.00
16666,Jeffrey,Sanders,jeffreysanders@example.net,20,M,Ohio,03856 Henderson Isle Apt. 239,43055,Newark,United States,"40,11731433","-82,37949893",Search,12/03/2020 13.22.00
31081,Vanessa,Sampson,vanessasampson@example.org,19,F,Ohio,5334 Greene Flats Suite 649,43055,Newark,United States,"40,11731433","-82,37949893",Search,01/06/2021 12.52.00
38796,Jessica,Barnes,jessicabarnes@example.com,59,F,Ohio,274 Christian Causeway,43055,Newark,United States,"40,11731433","-82,37949893",Organic,10/11/2019 2.32.00
49167,James,Barnes,jamesbarnes@example.net,23,M,Ohio,065 Quinn Summit Apt. 578,43055,Newark,United States,"40,11731433","-82,37949893",Search,03/10/2022 11.45.00
64961,Vincent,Sanchez,vincentsanchez@example.org,34,M,Ohio,99382 Powell Tunnel Apt. 624,43055,Newark,United States,"40,11731433","-82,37949893",Search,13/05/2021 7.07.00
73392,Raven,Miller,ravenmiller@example.com,61,F,Ohio,768 Alexandria Gardens,43055,Newark,United States,"40,11731433","-82,37949893",Search,05/11/2022 9.57.00
24881,Anthony,Murphy,anthonymurphy@example.net,41,M,Ohio,548 Bass Curve,43062,Pataskala,United States,"40,00700556","-82,68110137",Search,01/06/2021 15.25.00
43534,Frederick,Mcbride,frederickmcbride@example.net,68,M,Ohio,820 Amanda Ports,43062,Pataskala,United States,"40,00700556","-82,68110137",Organic,23/01/2019 10.23.00
7346,Justin,Rice,justinrice@example.net,19,M,Ohio,01326 Robert Streets Apt. 806,43065,Powell,United States,"40,17707591","-83,09513186",Facebook,12/02/2020 3.54.00
21139,Devin,Thompson,devinthompson@example.org,64,M,Ohio,46988 Russell Walk Suite 297,43065,Powell,United States,"40,17707591","-83,09513186",Search,29/04/2020 11.27.00
68864,Stephanie,Small,stephaniesmall@example.net,13,F,Ohio,601 Erickson Cove Apt. 978,43065,Powell,United States,"40,17707591","-83,09513186",Search,21/08/2020 7.26.00
72858,Rhonda,Lam,rhondalam@example.net,26,F,Ohio,9126 Vasquez Walks Apt. 559,43065,Powell,United States,"40,17707591","-83,09513186",Search,20/01/2022 18.56.00
77771,Andrew,Perkins,andrewperkins@example.org,52,M,Ohio,4961 Sarah Mall,43065,Powell,United States,"40,17707591","-83,09513186",Search,03/03/2019 15.36.00
81058,Sylvia,Wilkins,sylviawilkins@example.org,34,F,Ohio,4226 Garner Pines,43065,Powell,United States,"40,17707591","-83,09513186",Search,28/04/2019 2.31.00
95927,Meghan,Glover,meghanglover@example.com,55,F,Ohio,76368 Adriana Pines Suite 318,43065,Powell,United States,"40,17707591","-83,09513186",Search,18/04/2023 7.46.00
96136,Drew,Chaney,drewchaney@example.com,32,M,Ohio,348 Anderson Parkway,43065,Powell,United States,"40,17707591","-83,09513186",Organic,26/09/2019 18.47.00
3952,David,Clarke,davidclarke@example.com,66,M,Ohio,32690 Schmitt Parkway,43068,Reynoldsburg,United States,"39,95608283","-82,78424875",Search,09/10/2021 2.53.00
16996,John,Sims,johnsims@example.net,53,M,Ohio,0305 Richardson Stravenue,43068,Reynoldsburg,United States,"39,95608283","-82,78424875",Search,16/11/2020 15.40.00
51803,John,Reyes,johnreyes@example.net,30,M,Ohio,078 Williams Haven Apt. 818,43068,Reynoldsburg,United States,"39,95608283","-82,78424875",Search,24/07/2021 5.47.00
65209,Richard,Murray,richardmurray@example.net,26,M,Ohio,9852 Natalie Parkways,43068,Reynoldsburg,United States,"39,95608283","-82,78424875",Search,13/07/2020 11.50.00
79698,Jennifer,May,jennifermay@example.org,41,F,Ohio,970 Best Lock Suite 497,43068,Reynoldsburg,United States,"39,95608283","-82,78424875",Search,04/04/2020 15.23.00
81202,Michael,Grant,michaelgrant@example.org,38,M,Ohio,031 Harper Mountains Apt. 402,43068,Reynoldsburg,United States,"39,95608283","-82,78424875",Search,12/11/2019 12.51.00
58390,Kathleen,Graham,kathleengraham@example.com,64,F,Ohio,4688 Hall Shores,43081,Westerville,United States,"40,11059562","-82,89136932",Search,08/04/2021 14.13.00
59455,Margaret,Gonzalez,margaretgonzalez@example.net,60,F,Ohio,020 Terry Pass Apt. 612,43081,Westerville,United States,"40,11059562","-82,89136932",Organic,02/04/2021 8.06.00
60861,Anthony,Harvey,anthonyharvey@example.net,18,M,Ohio,18891 Timothy Pines Apt. 285,43081,Westerville,United States,"40,11059562","-82,89136932",Search,31/01/2023 10.25.00
65626,Matthew,Silva,matthewsilva@example.org,51,M,Ohio,210 Bell Fords Suite 415,43081,Westerville,United States,"40,11059562","-82,89136932",Search,30/07/2019 17.30.00
99559,George,Smith,georgesmith@example.com,58,M,Ohio,84731 Kyle Crossing Apt. 787,43081,Westerville,United States,"40,11059562","-82,89136932",Search,21/07/2022 7.13.00
28231,Monica,Wallace,monicawallace@example.org,13,F,Ohio,412 Stephanie Mission Apt. 085,43082,Westerville,United States,"40,15528089","-82,88077166",Search,24/02/2021 18.32.00
40378,Michael,Ochoa,michaelochoa@example.com,17,M,Ohio,396 Angela Islands,43082,Westerville,United States,"40,15528089","-82,88077166",Search,30/05/2023 6.50.00
46272,Richard,Johnson,richardjohnson@example.com,41,M,Ohio,51505 Sheena Plaza Suite 607,43082,Westerville,United States,"40,15528089","-82,88077166",Search,17/06/2023 7.25.00
50085,Rebecca,Fuller,rebeccafuller@example.org,22,F,Ohio,420 Pearson Spurs,43082,Westerville,United States,"40,15528089","-82,88077166",Search,11/03/2022 10.49.00
58598,Thomas,Owens,thomasowens@example.com,47,M,Ohio,21178 Melissa Fields,43082,Westerville,United States,"40,15528089","-82,88077166",Search,18/06/2023 8.51.00
64837,Monique,Mathews,moniquemathews@example.net,55,F,Ohio,50921 Hurst Island Suite 245,43082,Westerville,United States,"40,15528089","-82,88077166",Search,30/04/2019 12.27.00
68964,Jimmy,Pierce,jimmypierce@example.net,62,M,Ohio,53035 Bryant Estates Suite 007,43082,Westerville,United States,"40,15528089","-82,88077166",Display,27/10/2020 3.46.00
81894,Jacob,Clements,jacobclements@example.com,66,M,Ohio,829 Allen Mews,43082,Westerville,United States,"40,15528089","-82,88077166",Search,07/09/2019 9.05.00
87927,Phillip,James,phillipjames@example.com,40,M,Ohio,76724 Shawn Plains,43082,Westerville,United States,"40,15528089","-82,88077166",Organic,08/07/2020 0.55.00
92507,Brenda,Stark,brendastark@example.org,31,F,Ohio,390 Christie Meadows Apt. 948,43082,Westerville,United States,"40,15528089","-82,88077166",Search,16/06/2019 9.26.00
8189,Christopher,Clarke,christopherclarke@example.net,35,M,Ohio,051 Amy Expressway,43085,Worthington,United States,"40,09985216","-83,01576798",Search,30/06/2019 16.21.00
52023,Christina,Ryan,christinaryan@example.com,56,F,Ohio,180 Juan Views,43085,Worthington,United States,"40,09985216","-83,01576798",Search,14/11/2020 0.31.00
60363,Martha,Carter,marthacarter@example.net,13,F,Ohio,62923 Jonathan Islands,43085,Worthington,United States,"40,09985216","-83,01576798",Search,05/07/2023 4.49.47
58774,Charles,Harris,charlesharris@example.org,14,M,Ohio,714 Reed Road,43110,Columbus,United States,"39,82846021","-82,80131533",Search,19/06/2019 6.49.00
93711,Lucas,Duran,lucasduran@example.com,17,M,Ohio,0246 Hamilton Port,43110,Columbus,United States,"39,82846021","-82,80131533",Search,16/05/2021 6.55.00
1077,James,Weaver,jamesweaver@example.com,67,M,Ohio,1459 Wilson Glens Apt. 754,43119,Columbus,United States,"39,93586372","-83,20232292",Search,21/01/2020 3.16.00
5412,Joel,Sandoval,joelsandoval@example.net,39,M,Ohio,210 Danielle Island,43119,Columbus,United States,"39,93586372","-83,20232292",Search,10/11/2022 4.41.00
28647,Robert,Briggs,robertbriggs@example.com,15,M,Ohio,5318 Miles Creek,43119,Columbus,United States,"39,93586372","-83,20232292",Search,01/07/2019 17.24.00
39148,Keith,Carter,keithcarter@example.org,49,M,Ohio,47854 Dunlap Crossroad,43119,Columbus,United States,"39,93586372","-83,20232292",Search,05/04/2022 16.54.00
52743,James,King,jamesking@example.com,60,M,Ohio,9462 Solis Fall,43119,Columbus,United States,"39,93586372","-83,20232292",Search,03/07/2019 15.22.00
58400,Tara,Harmon,taraharmon@example.net,27,F,Ohio,3261 Kevin Wall Suite 005,43119,Columbus,United States,"39,93586372","-83,20232292",Search,10/07/2019 0.41.00
65098,Kristina,Doyle,kristinadoyle@example.com,20,F,Ohio,6783 Jessica Key Suite 391,43119,Columbus,United States,"39,93586372","-83,20232292",Search,06/09/2019 18.39.00
78084,Mark,Moore,markmoore@example.org,63,M,Ohio,3287 April Islands,43119,Columbus,United States,"39,93586372","-83,20232292",Search,25/02/2022 2.31.00
81426,Connie,Neal,connieneal@example.org,64,F,Ohio,052 James Crescent,43119,Columbus,United States,"39,93586372","-83,20232292",Search,09/01/2021 8.59.00
2459,Robin,Gomez,robingomez@example.net,66,F,Ohio,86114 Phillips Points,43123,Grove City,United States,"39,8663906","-83,12151525",Search,11/10/2020 0.44.00
8728,Brandon,Edwards,brandonedwards@example.org,43,M,Ohio,9901 Perkins Ridges,43123,Grove City,United States,"39,8663906","-83,12151525",Search,04/07/2021 12.55.00
52721,Brian,Delgado,briandelgado@example.org,66,M,Ohio,4343 Petersen Mission Apt. 785,43123,Grove City,United States,"39,8663906","-83,12151525",Search,06/05/2021 12.39.00
95887,Michael,Tucker,michaeltucker@example.com,54,M,Ohio,66186 James Keys Apt. 912,43123,Grove City,United States,"39,8663906","-83,12151525",Search,01/03/2023 1.21.00
96688,Jason,Reed,jasonreed@example.com,42,M,Ohio,7269 Peters Skyway Apt. 975,43123,Grove City,United States,"39,8663906","-83,12151525",Facebook,05/02/2023 6.06.00
12549,Kyle,Meadows,kylemeadows@example.org,51,M,Ohio,324 Martin Summit,43130,Lancaster,United States,"39,69583711","-82,61470441",Search,28/05/2020 1.56.00
16044,Anthony,Valenzuela,anthonyvalenzuela@example.com,67,M,Ohio,974 Jones Islands,43130,Lancaster,United States,"39,69583711","-82,61470441",Search,08/04/2019 3.41.00
17820,Michelle,Gutierrez,michellegutierrez@example.org,26,F,Ohio,1626 Ryan Hollow Apt. 261,43130,Lancaster,United States,"39,69583711","-82,61470441",Email,14/04/2020 4.09.00
20431,Christina,Whitaker,christinawhitaker@example.net,21,F,Ohio,9513 Vaughan Drives,43130,Lancaster,United States,"39,69583711","-82,61470441",Search,23/06/2023 14.04.00
25981,Andrea,Hunter,andreahunter@example.com,16,F,Ohio,857 Richardson Park,43130,Lancaster,United States,"39,69583711","-82,61470441",Search,07/01/2023 0.37.00
31989,Tami,Dean,tamidean@example.org,62,F,Ohio,17400 Yu Fork,43130,Lancaster,United States,"39,69583711","-82,61470441",Organic,15/06/2021 4.13.00
33012,Lauren,Lewis,laurenlewis@example.com,52,F,Ohio,99888 Jeffrey Walk,43130,Lancaster,United States,"39,69583711","-82,61470441",Facebook,15/09/2019 2.48.00
35388,Amanda,Salazar,amandasalazar@example.com,24,F,Ohio,18661 Pineda Rapids,43130,Lancaster,United States,"39,69583711","-82,61470441",Search,01/07/2023 7.28.54
57422,Gene,King,geneking@example.org,39,M,Ohio,982 Marcus Views,43130,Lancaster,United States,"39,69583711","-82,61470441",Search,10/08/2019 16.16.00
57449,David,Durham,daviddurham@example.org,33,M,Ohio,50495 Lindsey Extensions Apt. 308,43130,Lancaster,United States,"39,69583711","-82,61470441",Search,23/10/2022 7.32.00
71719,Helen,Ramirez,helenramirez@example.com,50,F,Ohio,955 Drake Fork Suite 032,43130,Lancaster,United States,"39,69583711","-82,61470441",Search,08/12/2022 17.33.00
77346,Logan,Tran,logantran@example.net,52,M,Ohio,741 Alexander Fork Apt. 493,43130,Lancaster,United States,"39,69583711","-82,61470441",Search,06/04/2022 6.35.00
86197,John,Jacobs,johnjacobs@example.com,34,M,Ohio,1709 Heidi Mountains,43130,Lancaster,United States,"39,69583711","-82,61470441",Organic,31/01/2021 5.16.00
55479,Matthew,Hayden,matthewhayden@example.com,50,M,Ohio,088 Weiss Neck,43140,London,United States,"39,87955869","-83,43217068",Facebook,30/11/2021 0.09.00
58662,Madison,Walton,madisonwalton@example.org,41,F,Ohio,5773 Kelley Passage Suite 672,43140,London,United States,"39,87955869","-83,43217068",Search,28/01/2019 9.38.00
1787,Kristy,Washington,kristywashington@example.org,30,F,Ohio,53472 Griffin Center,43147,Pickerington,United States,"39,89846469","-82,74261357",Search,15/12/2021 15.36.00
13062,James,Cardenas,jamescardenas@example.org,29,M,Ohio,31651 Jermaine Locks,43147,Pickerington,United States,"39,89846469","-82,74261357",Search,02/11/2019 5.25.00
19792,Margaret,Davis,margaretdavis@example.net,39,F,Ohio,477 Stephanie Brook,43147,Pickerington,United States,"39,89846469","-82,74261357",Search,05/06/2019 8.59.00
33584,Sharon,Palmer,sharonpalmer@example.org,49,F,Ohio,25084 Anthony Estates,43147,Pickerington,United States,"39,89846469","-82,74261357",Search,09/11/2021 18.19.00
52776,Mark,Lucas,marklucas@example.com,34,M,Ohio,77294 Kelsey Branch Apt. 571,43147,Pickerington,United States,"39,89846469","-82,74261357",Facebook,25/09/2021 16.18.00
58818,Tanner,Guerrero,tannerguerrero@example.net,43,M,Ohio,051 Ramirez Pass Apt. 655,43147,Pickerington,United States,"39,89846469","-82,74261357",Search,19/07/2021 5.29.00
2085,Janet,Lawrence,janetlawrence@example.org,64,F,Ohio,92098 Thompson Course Apt. 265,43201,Columbus,United States,"39,99110053","-83,00049092",Search,08/08/2020 6.13.00
74758,Toni,Nguyen,toninguyen@example.net,56,F,Ohio,37533 Ashley Spurs Apt. 229,43201,Columbus,United States,"39,99110053","-83,00049092",Search,10/07/2019 8.42.00
34710,Richard,Ward,richardward@example.net,29,M,Ohio,41355 Donna Haven,43204,Columbus,United States,"39,96194173","-83,08173767",Search,04/04/2021 9.49.00
38673,Joshua,Hansen,joshuahansen@example.org,68,M,Ohio,55364 Morgan Lodge,43204,Columbus,United States,"39,96194173","-83,08173767",Search,11/03/2020 17.36.00
45528,Peter,Rodriguez,peterrodriguez@example.com,12,M,Ohio,517 Jason Overpass,43204,Columbus,United States,"39,96194173","-83,08173767",Search,02/10/2020 13.10.00
66502,Kelsey,Hatfield,kelseyhatfield@example.com,62,F,Ohio,109 Jon Wells,43204,Columbus,United States,"39,96194173","-83,08173767",Search,06/10/2019 15.01.00
279,Brandi,Vazquez,brandivazquez@example.org,27,F,Ohio,816 Kelly Points,43207,Columbus,United States,"39,89198431","-82,9695884",Search,24/11/2020 16.10.00
1806,Craig,Smith,craigsmith@example.com,67,M,Ohio,59158 Davis Lights Suite 843,43207,Columbus,United States,"39,89198431","-82,9695884",Search,13/02/2019 7.04.00
2988,Kyle,Elliott,kyleelliott@example.net,63,M,Ohio,2735 Samuel Road Apt. 622,43207,Columbus,United States,"39,89198431","-82,9695884",Search,29/06/2020 7.01.00
5294,Kristi,Stone,krististone@example.com,33,F,Ohio,89836 Castro Plain Suite 639,43207,Columbus,United States,"39,89198431","-82,9695884",Facebook,23/04/2019 1.12.00
65713,Bradley,Hancock,bradleyhancock@example.org,61,M,Ohio,27663 Victor Heights Apt. 350,43207,Columbus,United States,"39,89198431","-82,9695884",Search,15/04/2020 6.48.00
49700,David,Mills,davidmills@example.net,65,M,Ohio,840 Knight Gateway,43209,Columbus,United States,"39,95519138","-82,93025244",Search,16/04/2022 8.42.00
72053,Mary,Carrillo,marycarrillo@example.net,64,F,Ohio,38787 Carter Tunnel,43209,Columbus,United States,"39,95519138","-82,93025244",Search,11/07/2019 11.12.00
98309,Ashley,Huerta,ashleyhuerta@example.org,63,F,Ohio,0754 Sheri Stravenue,43209,Columbus,United States,"39,95519138","-82,93025244",Search,21/11/2020 13.26.00
12078,George,Harris,georgeharris@example.org,14,M,Ohio,2069 Campbell Street,43211,Columbus,United States,"40,01172565","-82,97249963",Search,31/05/2023 8.43.00
15367,Jason,Harris,jasonharris@example.org,26,M,Ohio,8107 Brandon Pines,43213,Columbus,United States,"39,97071463","-82,86683396",Search,18/05/2019 17.29.00
33004,Margaret,Gomez,margaretgomez@example.com,18,F,Ohio,5396 Michele Dale Suite 582,43213,Columbus,United States,"39,97071463","-82,86683396",Search,15/01/2023 13.35.00
36275,Rebecca,Taylor,rebeccataylor@example.com,19,F,Ohio,70433 Amanda Locks Apt. 708,43213,Columbus,United States,"39,97071463","-82,86683396",Search,19/05/2019 18.28.00
53097,George,Jones,georgejones@example.com,53,M,Ohio,89151 Erik Pass,43213,Columbus,United States,"39,97071463","-82,86683396",Organic,14/04/2022 0.07.00
72788,Keith,Diaz,keithdiaz@example.org,42,M,Ohio,94332 Lynch Villages Suite 894,43213,Columbus,United States,"39,97071463","-82,86683396",Search,22/04/2023 3.40.00
78242,Brianna,Miller,briannamiller@example.net,32,F,Ohio,3690 Gabriela Stream,43213,Columbus,United States,"39,97071463","-82,86683396",Search,10/07/2022 12.08.00
22091,Kelly,Lee,kellylee@example.net,51,F,Ohio,2200 Day Forge,43214,Columbus,United States,"40,05256277","-83,01978001",Search,07/12/2019 5.12.00
16950,Cynthia,Jones,cynthiajones@example.com,29,F,Ohio,5574 Jonathan Parkways Apt. 021,43219,Columbus,United States,"40,00732911","-82,92337565",Search,01/12/2020 8.03.00
34103,Joshua,Cole,joshuacole@example.org,33,M,Ohio,67187 Johnson Overpass Apt. 282,43219,Columbus,United States,"40,00732911","-82,92337565",Search,31/07/2020 13.03.00
4341,Hannah,Newman,hannahnewman@example.com,43,F,Ohio,80736 Carter Cove Apt. 190,43220,Upper Arlington,United States,"40,04779621","-83,07030886",Search,21/06/2020 17.41.00
13630,Kyle,Jenkins,kylejenkins@example.com,60,M,Ohio,2201 Gonzalez Lodge Apt. 952,43220,Upper Arlington,United States,"40,04779621","-83,07030886",Organic,21/05/2022 2.44.00
90003,Roberto,Thompson,robertothompson@example.com,54,M,Ohio,59899 Thomas Meadows,43220,Upper Arlington,United States,"40,04779621","-83,07030886",Search,07/07/2022 7.32.00
34120,Megan,Thompson,meganthompson@example.org,37,F,Ohio,2486 Barrett Prairie,43221,Upper Arlington,United States,"40,02241813","-83,07677841",Email,15/03/2021 18.56.00
41737,Alexa,Campbell,alexacampbell@example.com,36,F,Ohio,890 Timothy Ramp Apt. 014,43221,Upper Arlington,United States,"40,02241813","-83,07677841",Search,09/02/2020 16.24.00
96203,Tonya,Rodriguez,tonyarodriguez@example.com,38,F,Ohio,859 Kelly Brook Apt. 843,43221,Upper Arlington,United States,"40,02241813","-83,07677841",Display,29/11/2021 8.15.00
50219,Michael,Torres,michaeltorres@example.com,46,M,Ohio,711 Espinoza Cliff,43223,Columbus,United States,"39,93110345","-83,03732877",Facebook,11/01/2019 8.23.00
53249,Lori,Greer,lorigreer@example.com,21,F,Ohio,594 Flores Lights,43223,Columbus,United States,"39,93110345","-83,03732877",Search,08/04/2019 13.59.00
30139,Calvin,Garza,calvingarza@example.org,45,M,Ohio,558 Vasquez Meadow,43224,Columbus,United States,"40,04287308","-82,96582395",Search,20/05/2023 18.10.00
42604,Barbara,Jones,barbarajones@example.net,65,F,Ohio,42376 Johnson Radial,43224,Columbus,United States,"40,04287308","-82,96582395",Search,15/03/2021 14.31.00
97324,Angela,Diaz,angeladiaz@example.com,32,F,Ohio,91868 Michael Roads Apt. 338,43224,Columbus,United States,"40,04287308","-82,96582395",Search,03/03/2021 13.23.00
294,Laurie,Moore,lauriemoore@example.net,29,F,Ohio,17250 Michelle Lake Apt. 822,43228,Columbus,United States,"39,95885109","-83,12695264",Search,20/11/2020 8.54.00
24461,Brett,Moss,brettmoss@example.net,57,M,Ohio,30524 Deborah Spurs Suite 920,43228,Columbus,United States,"39,95885109","-83,12695264",Search,12/12/2020 16.56.00
37918,Stephanie,Espinoza,stephanieespinoza@example.org,33,F,Ohio,0969 Tate Curve,43228,Columbus,United States,"39,95885109","-83,12695264",Search,02/03/2022 3.27.00
43540,Ryan,Adams,ryanadams@example.org,62,M,Ohio,0224 Sanders Club Apt. 016,43228,Columbus,United States,"39,95885109","-83,12695264",Display,19/07/2021 0.27.00
53584,Johnny,Benjamin,johnnybenjamin@example.com,25,M,Ohio,663 Carlos Port Suite 931,43228,Columbus,United States,"39,95885109","-83,12695264",Organic,14/11/2021 14.11.00
59597,Ryan,Gonzalez,ryangonzalez@example.net,18,M,Ohio,4505 Schneider Flats,43228,Columbus,United States,"39,95885109","-83,12695264",Search,05/07/2023 13.07.28
87075,Regina,Atkinson,reginaatkinson@example.com,55,F,Ohio,4983 Robinson Spurs Suite 026,43228,Columbus,United States,"39,95885109","-83,12695264",Email,21/04/2020 3.59.00
30855,Cynthia,Johnson,cynthiajohnson@example.net,55,F,Ohio,0726 Banks Fall Apt. 967,43229,Columbus,United States,"40,0859433","-82,97603395",Organic,03/03/2020 5.49.00
62017,Amy,Warren,amywarren@example.com,31,F,Ohio,90227 Scott Plains,43229,Columbus,United States,"40,0859433","-82,97603395",Search,08/02/2023 18.43.00
85905,Stephen,Torres,stephentorres@example.org,68,M,Ohio,922 Thomas Way Apt. 093,43229,Columbus,United States,"40,0859433","-82,97603395",Search,27/09/2022 0.46.00
96613,Carrie,Pierce,carriepierce@example.com,13,F,Ohio,7662 Anthony Village,43229,Columbus,United States,"40,0859433","-82,97603395",Display,13/06/2021 14.55.00
48166,Amanda,Beck,amandabeck@example.net,62,F,Ohio,917 Carolyn Wells Apt. 171,43230,Gahanna,United States,"40,03637726","-82,8706045",Search,20/02/2019 16.19.00
34610,Albert,Stokes,albertstokes@example.net,59,M,Ohio,378 Christine Plains Apt. 178,43232,Columbus,United States,"39,92156462","-82,87029457",Search,12/03/2021 9.02.00
53260,Elizabeth,Potter,elizabethpotter@example.net,35,F,Ohio,31186 Faulkner Glen Apt. 010,43232,Columbus,United States,"39,92156462","-82,87029457",Search,17/11/2019 14.36.00
60520,Christopher,Valentine,christophervalentine@example.org,21,M,Ohio,511 Nicholas Roads,43232,Columbus,United States,"39,92156462","-82,87029457",Email,11/05/2019 6.12.00
23491,Sarah,Brown,sarahbrown@example.net,59,F,Ohio,0228 David Cliffs,43235,Columbus,United States,"40,10472091","-83,0512547",Search,22/10/2020 6.52.00
38750,Louis,Oconnor,louisoconnor@example.com,17,M,Ohio,9552 Flores Manors,43235,Columbus,United States,"40,10472091","-83,0512547",Search,01/03/2022 7.09.00
46640,Kara,Nixon,karanixon@example.com,33,F,Ohio,5056 Sarah Ford,43235,Columbus,United States,"40,10472091","-83,0512547",Search,09/06/2020 14.00.00
67984,Peter,Watson,peterwatson@example.org,36,M,Ohio,1278 Melissa Loop Apt. 847,43235,Columbus,United States,"40,10472091","-83,0512547",Display,11/10/2021 9.53.00
80289,Sarah,Thompson,sarahthompson@example.com,42,F,Ohio,67404 Thomas Vista,43235,Columbus,United States,"40,10472091","-83,0512547",Search,06/12/2020 9.16.00
9577,Carol,Johnson,caroljohnson@example.com,56,F,Ohio,361 White Flats,43302,Marion,United States,"40,59591851","-83,13431746",Search,16/09/2021 14.03.00
23306,Karina,Ramirez,karinaramirez@example.org,61,F,Ohio,931 Parker Terrace Suite 192,43302,Marion,United States,"40,59591851","-83,13431746",Search,15/10/2020 14.36.00
63740,Rebecca,Glover,rebeccaglover@example.com,50,F,Ohio,530 Rachel Skyway,43302,Marion,United States,"40,59591851","-83,13431746",Search,20/09/2019 17.55.00
88252,Mark,Rodriguez,markrodriguez@example.com,53,M,Ohio,6442 Leonard Ville Suite 491,43302,Marion,United States,"40,59591851","-83,13431746",Search,08/06/2021 0.46.00
88944,Adriana,Wilson,adrianawilson@example.org,17,F,Ohio,50070 Tyler Underpass Apt. 262,43302,Marion,United States,"40,59591851","-83,13431746",Search,27/01/2021 8.04.00
23046,Matthew,Savage,matthewsavage@example.net,22,M,Ohio,2798 Zachary Junction Suite 000,43402,Bowling Green,United States,"41,40622264","-83,65358687",Search,16/03/2021 4.55.00
32772,Phillip,Johnson,phillipjohnson@example.net,50,M,Ohio,67419 George Place,43402,Bowling Green,United States,"41,40622264","-83,65358687",Search,15/02/2019 13.14.00
42300,Caroline,Wright,carolinewright@example.net,37,F,Ohio,961 Burton Meadow Suite 664,43402,Bowling Green,United States,"41,40622264","-83,65358687",Search,17/09/2021 18.12.00
91377,Adam,Keller,adamkeller@example.org,59,M,Ohio,5735 Daniel Mountain,43402,Bowling Green,United States,"41,40622264","-83,65358687",Search,02/06/2023 7.26.00
97674,Henry,Fitzgerald,henryfitzgerald@example.org,35,M,Ohio,049 Mahoney Points Suite 982,43402,Bowling Green,United States,"41,40622264","-83,65358687",Search,25/03/2022 6.41.00
64387,Robert,Frost,robertfrost@example.com,59,M,Ohio,786 Victor Radial Suite 474,43420,Fremont,United States,"41,35788766","-83,11315816",Organic,09/04/2020 9.11.00
73226,Leah,Monroe,leahmonroe@example.com,48,F,Ohio,57233 Steven Keys,43512,Defiance,United States,"41,30349582","-84,35676319",Search,06/06/2019 13.56.00
4246,Mary,Wood,marywood@example.com,13,F,Ohio,6614 Andrew Hills,43537,Maumee,United States,"41,57438349","-83,68529845",Search,18/11/2019 14.38.00
38225,Jack,Thomas,jackthomas@example.net,56,M,Ohio,722 Rachel Junction,43537,Maumee,United States,"41,57438349","-83,68529845",Search,19/07/2022 0.54.00
42823,Kyle,Grant,kylegrant@example.net,44,M,Ohio,6696 Maxwell Courts,43537,Maumee,United States,"41,57438349","-83,68529845",Search,27/03/2022 5.32.00
58097,Jon,Brown,jonbrown@example.net,20,M,Ohio,99556 Benson Ridges Suite 574,43537,Maumee,United States,"41,57438349","-83,68529845",Search,24/11/2022 14.39.00
59631,Mallory,Johnson,malloryjohnson@example.com,28,F,Ohio,9462 Henderson Row Apt. 044,43537,Maumee,United States,"41,57438349","-83,68529845",Search,12/02/2021 1.42.00
87469,Ralph,Hinton,ralphhinton@example.com,58,M,Ohio,68173 Wright Common,43537,Maumee,United States,"41,57438349","-83,68529845",Search,29/12/2022 10.20.00
64732,Tammy,Smith,tammysmith@example.com,54,F,Ohio,2677 Wendy Roads Suite 054,43551,Perrysburg,United States,"41,52016907","-83,57949866",Search,30/06/2023 16.41.00
45976,Michelle,Atkins,michelleatkins@example.com,36,F,Ohio,3246 Brooks Underpass Apt. 657,43560,Sylvania,United States,"41,70214483","-83,73656826",Search,23/11/2021 16.05.00
65303,Kayla,Gamble,kaylagamble@example.com,52,F,Ohio,033 Michael Brooks Apt. 233,43560,Sylvania,United States,"41,70214483","-83,73656826",Search,13/06/2021 15.47.00
76137,Erin,Hunter,erinhunter@example.org,24,F,Ohio,9956 Linda Isle Suite 312,43560,Sylvania,United States,"41,70214483","-83,73656826",Search,13/06/2020 3.54.00
86183,Natalie,Gray,nataliegray@example.com,69,F,Ohio,585 Brad Mission,43560,Sylvania,United States,"41,70214483","-83,73656826",Search,29/09/2021 9.04.00
86548,Robin,Lopez,robinlopez@example.com,12,F,Ohio,50244 Raymond Light Suite 042,43605,Toledo,United States,"41,6487012","-83,50581236",Search,22/03/2019 5.58.00
56033,Zachary,Blankenship,zacharyblankenship@example.net,64,M,Ohio,191 Mary Dam Apt. 649,43606,Toledo,United States,"41,67197026","-83,60910703",Search,11/02/2021 16.41.00
74330,Elizabeth,Brooks,elizabethbrooks@example.org,56,F,Ohio,210 Boyer Tunnel,43606,Toledo,United States,"41,67197026","-83,60910703",Organic,26/05/2021 14.42.00
76519,Cody,Williams,codywilliams@example.net,69,M,Ohio,2302 Cameron Mews,43606,Toledo,United States,"41,67197026","-83,60910703",Search,08/06/2021 3.00.00
89626,Lauren,Moran,laurenmoran@example.net,19,F,Ohio,698 Cox Drive,43606,Toledo,United States,"41,67197026","-83,60910703",Search,17/12/2020 4.39.00
23214,Nicole,Garrett,nicolegarrett@example.net,51,F,Ohio,514 Gross Parkways,43612,Toledo,United States,"41,71012083","-83,54697791",Facebook,03/07/2023 8.24.00
44935,Matthew,Morrow,matthewmorrow@example.org,36,M,Ohio,7415 Shaw Mission Suite 121,43612,Toledo,United States,"41,71012083","-83,54697791",Organic,23/09/2022 18.17.00
93429,Christopher,Reynolds,christopherreynolds@example.com,29,M,Ohio,9250 Jenna Burg Apt. 678,43612,Toledo,United States,"41,71012083","-83,54697791",Search,11/11/2020 17.47.00
4034,Angela,Harper,angelaharper@example.net,35,F,Ohio,1365 Brooke Turnpike Suite 793,43613,Toledo,United States,"41,70695657","-83,60209079",Search,25/03/2022 2.20.00
82122,Amber,Brown,amberbrown@example.com,65,F,Ohio,8490 Clay Ridges,43613,Toledo,United States,"41,70695657","-83,60209079",Search,10/04/2022 0.01.00
14328,Brian,Trevino,briantrevino@example.org,12,M,Ohio,2662 Vaughan Plains Apt. 403,43614,Toledo,United States,"41,60340797","-83,6285963",Search,10/11/2020 17.36.00
25666,Amanda,Vargas,amandavargas@example.org,31,F,Ohio,103 Samantha Parkways Apt. 450,43614,Toledo,United States,"41,60340797","-83,6285963",Search,06/07/2021 8.37.00
37750,Gregory,Smith,gregorysmith@example.net,32,M,Ohio,32661 Erin Squares,43614,Toledo,United States,"41,60340797","-83,6285963",Facebook,09/04/2022 16.16.00
86381,Thomas,Shaffer,thomasshaffer@example.org,58,M,Ohio,520 Jessica Freeway Apt. 523,43614,Toledo,United States,"41,60340797","-83,6285963",Search,07/11/2021 16.01.00
17432,Kevin,Hernandez,kevinhernandez@example.net,51,M,Ohio,37814 Alexander Dale Suite 822,43615,Toledo,United States,"41,65093381","-83,67327447",Search,04/07/2023 11.13.57
19120,Debra,Michael,debramichael@example.com,51,F,Ohio,9958 Gregory Causeway,43615,Toledo,United States,"41,65093381","-83,67327447",Search,02/01/2022 8.08.00
27391,Adam,Jordan,adamjordan@example.net,61,M,Ohio,4829 Ford Ridges Apt. 836,43615,Toledo,United States,"41,65093381","-83,67327447",Search,26/09/2022 9.16.00
73336,Joanne,Sanchez,joannesanchez@example.com,19,F,Ohio,754 Robert Lock Suite 585,43615,Toledo,United States,"41,65093381","-83,67327447",Search,15/07/2022 11.15.00
82859,Kevin,Sims,kevinsims@example.com,61,M,Ohio,79332 Mark Ways,43615,Toledo,United States,"41,65093381","-83,67327447",Search,16/09/2020 9.49.00
3478,Mark,Roach,markroach@example.org,24,M,Ohio,4168 Evans Pine,43701,Zanesville,United States,"39,95857827","-81,9956078",Search,19/06/2022 7.08.00
20127,William,Rodriguez,williamrodriguez@example.com,60,M,Ohio,53429 Hines Square Suite 488,43701,Zanesville,United States,"39,95857827","-81,9956078",Organic,26/04/2019 14.57.00
23370,Marissa,Ellis,marissaellis@example.net,64,F,Ohio,2388 Gray Square,43701,Zanesville,United States,"39,95857827","-81,9956078",Search,19/01/2019 16.07.00
44766,Brandon,Johnson,brandonjohnson@example.net,28,M,Ohio,817 Paul Parkways,43701,Zanesville,United States,"39,95857827","-81,9956078",Organic,30/01/2022 13.13.00
48003,Rhonda,Palmer,rhondapalmer@example.org,24,F,Ohio,70287 Benjamin Roads Suite 213,43701,Zanesville,United States,"39,95857827","-81,9956078",Search,09/05/2021 16.26.00
54700,Brian,Sanchez,briansanchez@example.org,47,M,Ohio,4286 Jacob Ville Suite 056,43701,Zanesville,United States,"39,95857827","-81,9956078",Search,24/09/2022 7.53.00
69642,Veronica,Duarte,veronicaduarte@example.org,31,F,Ohio,64432 Williams Mountains Suite 415,43701,Zanesville,United States,"39,95857827","-81,9956078",Search,12/02/2019 3.51.00
72505,Catherine,Williams,catherinewilliams@example.com,36,F,Ohio,0864 Houston Village Apt. 841,43701,Zanesville,United States,"39,95857827","-81,9956078",Search,28/03/2022 5.03.00
33001,Tammy,Davis,tammydavis@example.org,50,F,Ohio,02217 Thomas Roads,44004,Ashtabula,United States,"41,85582391","-80,7911247",Facebook,02/04/2020 7.43.00
3866,Gloria,Smith,gloriasmith@example.org,70,F,Ohio,896 Natalie Forest Apt. 839,44035,Elyria,United States,"41,3628064","-82,13174118",Search,27/08/2019 9.37.00
11844,Lisa,Owens,lisaowens@example.net,29,F,Ohio,62131 Pierce Mall,44035,Elyria,United States,"41,3628064","-82,13174118",Search,31/07/2021 16.52.00
14941,Kristin,Swanson,kristinswanson@example.net,39,F,Ohio,83997 Wilson Manors,44035,Elyria,United States,"41,3628064","-82,13174118",Search,29/01/2021 5.43.00
45546,Kimberly,Harris,kimberlyharris@example.org,42,F,Ohio,101 Misty Stream,44035,Elyria,United States,"41,3628064","-82,13174118",Search,07/04/2019 0.53.00
49693,Janet,Case,janetcase@example.com,54,F,Ohio,0375 Bray Rapid,44035,Elyria,United States,"41,3628064","-82,13174118",Search,04/08/2020 12.26.00
61372,Carol,Haynes,carolhaynes@example.com,67,F,Ohio,37779 Beverly Gardens Suite 577,44035,Elyria,United States,"41,3628064","-82,13174118",Email,07/01/2023 2.20.00
68160,William,Coleman,williamcoleman@example.org,41,M,Ohio,885 Katherine Coves,44035,Elyria,United States,"41,3628064","-82,13174118",Search,28/06/2020 14.58.00
84664,Noah,Scott,noahscott@example.net,50,M,Ohio,64153 Fry Stream Apt. 556,44035,Elyria,United States,"41,3628064","-82,13174118",Organic,20/01/2020 3.59.00
84708,Terry,Peterson,terrypeterson@example.org,45,M,Ohio,06450 Kent Rest,44035,Elyria,United States,"41,3628064","-82,13174118",Organic,04/02/2020 2.22.00
92212,Jennifer,Hart,jenniferhart@example.net,38,F,Ohio,98047 Evans View Suite 327,44035,Elyria,United States,"41,3628064","-82,13174118",Search,24/12/2019 10.07.00
9198,Mary,Edwards,maryedwards@example.org,44,F,Ohio,518 Patricia Glen,44039,North Ridgeville,United States,"41,38446974","-82,01922231",Search,03/02/2021 13.31.00
31654,Sarah,Jackson,sarahjackson@example.com,61,F,Ohio,52088 Marie Villages,44039,North Ridgeville,United States,"41,38446974","-82,01922231",Search,08/12/2022 18.24.00
91642,Dustin,Garza,dustingarza@example.org,24,M,Ohio,436 Matthew Flat,44039,North Ridgeville,United States,"41,38446974","-82,01922231",Facebook,27/03/2020 3.30.00
99242,Paul,Marshall,paulmarshall@example.com,58,M,Ohio,5089 Solomon Glens Suite 300,44039,North Ridgeville,United States,"41,38446974","-82,01922231",Search,15/05/2021 4.50.00
40511,Lisa,Hancock,lisahancock@example.org,59,F,Ohio,77152 Davies Bypass Apt. 469,44052,Lorain,United States,"41,45698486","-82,16269484",Display,01/02/2023 12.52.00
53059,Melissa,Nguyen,melissanguyen@example.com,29,F,Ohio,720 Linda Club,44052,Lorain,United States,"41,45698486","-82,16269484",Search,14/12/2020 10.44.00
60446,Cynthia,Graham,cynthiagraham@example.org,55,F,Ohio,4835 Christina Summit Suite 755,44052,Lorain,United States,"41,45698486","-82,16269484",Search,09/03/2019 8.33.00
67753,Angela,Burns,angelaburns@example.com,31,F,Ohio,33705 Ricardo Squares,44052,Lorain,United States,"41,45698486","-82,16269484",Search,05/02/2020 5.24.00
72310,Brian,Wells,brianwells@example.com,15,M,Ohio,381 Eric Gardens Apt. 615,44052,Lorain,United States,"41,45698486","-82,16269484",Search,12/11/2019 6.58.00
31805,Vincent,Ali,vincentali@example.org,19,M,Ohio,07068 Norton Highway Apt. 323,44060,Mentor,United States,"41,67863078","-81,32790887",Facebook,02/04/2020 7.42.00
73277,Jonathan,Gilbert,jonathangilbert@example.com,48,M,Ohio,00633 Karen Crossing Suite 225,44060,Mentor,United States,"41,67863078","-81,32790887",Email,03/10/2022 10.21.00
91197,Megan,Ramos,meganramos@example.net,26,F,Ohio,7783 Sarah Neck,44060,Mentor,United States,"41,67863078","-81,32790887",Organic,25/12/2021 14.02.00
97680,David,Garcia,davidgarcia@example.org,40,M,Ohio,44159 Gilbert Port,44060,Mentor,United States,"41,67863078","-81,32790887",Email,29/04/2022 10.49.00
17069,Mary,Vasquez,maryvasquez@example.net,26,F,Ohio,3502 Joyce Road,44077,Painesville,United States,"41,70233776","-81,20991803",Search,17/07/2020 4.40.00
26971,Samantha,Heath,samanthaheath@example.com,43,F,Ohio,57932 Taylor Meadow Suite 263,44077,Painesville,United States,"41,70233776","-81,20991803",Search,15/09/2021 6.27.00
40962,Darren,Baker,darrenbaker@example.net,47,M,Ohio,74018 Pennington Track Suite 597,44077,Painesville,United States,"41,70233776","-81,20991803",Search,20/07/2019 12.42.00
73729,Craig,Scott,craigscott@example.com,25,M,Ohio,4218 Dean Circle Suite 493,44077,Painesville,United States,"41,70233776","-81,20991803",Search,11/12/2019 11.52.00
7597,Whitney,Harmon,whitneyharmon@example.com,58,F,Ohio,69180 Mary Street,44094,Kirtland,United States,"41,60971942","-81,38002748",Search,31/01/2022 12.44.00
60959,Natalie,Sellers,nataliesellers@example.net,18,F,Ohio,218 Cain Springs,44094,Kirtland,United States,"41,60971942","-81,38002748",Search,25/11/2020 1.18.00
49508,Kathleen,Lawson,kathleenlawson@example.org,38,F,Ohio,0178 Hill Underpass Apt. 364,44095,Eastlake,United States,"41,65229237","-81,44228313",Search,29/04/2020 11.10.00
72162,Martin,Carter,martincarter@example.net,66,M,Ohio,1621 Collins Vista Suite 854,44095,Eastlake,United States,"41,65229237","-81,44228313",Organic,20/02/2023 6.58.00
15882,Jeffrey,Waller,jeffreywaller@example.org,69,M,Ohio,83063 Peter Extension Suite 927,44102,Cleveland,United States,"41,47916318","-81,73833515",Search,21/09/2020 2.16.00
48384,Donald,Schmidt,donaldschmidt@example.com,15,M,Ohio,762 Long Key Suite 261,44102,Cleveland,United States,"41,47916318","-81,73833515",Search,27/12/2021 8.47.00
53543,Jason,Nguyen,jasonnguyen@example.net,61,M,Ohio,04286 Carter Camp Suite 391,44102,Cleveland,United States,"41,47916318","-81,73833515",Search,13/10/2021 18.14.00
29036,Yvette,Henderson,yvettehenderson@example.org,14,F,Ohio,2280 Debra Passage Suite 840,44105,Cleveland,United States,"41,4504502","-81,634853",Search,15/05/2020 16.55.00
61146,Benjamin,Scott,benjaminscott@example.org,24,M,Ohio,8217 Edward Shores Apt. 138,44105,Cleveland,United States,"41,4504502","-81,634853",Email,10/05/2019 2.28.00
61491,Jorge,Williams,jorgewilliams@example.net,41,M,Ohio,772 Terry Cliffs,44105,Cleveland,United States,"41,4504502","-81,634853",Search,15/10/2020 6.48.00
63724,Jennifer,Wood,jenniferwood@example.com,14,F,Ohio,3463 Austin Squares,44105,Cleveland,United States,"41,4504502","-81,634853",Facebook,07/05/2022 12.40.00
75676,Michael,Dennis,michaeldennis@example.net,69,M,Ohio,8784 Smith Plaza,44105,Cleveland,United States,"41,4504502","-81,634853",Organic,06/02/2020 13.51.00
95542,Jessica,Stout,jessicastout@example.net,54,F,Ohio,961 Peters Corners,44105,Cleveland,United States,"41,4504502","-81,634853",Search,22/09/2019 8.52.00
38700,Billy,Farmer,billyfarmer@example.org,15,M,Ohio,640 Jones Motorway Suite 227,44107,Lakewood,United States,"41,48487204","-81,80113328",Organic,16/12/2019 14.53.00
47978,Christopher,Martin,christophermartin@example.com,23,M,Ohio,8260 Hull Lakes Apt. 882,44107,Lakewood,United States,"41,48487204","-81,80113328",Search,04/06/2020 5.06.00
54825,Jaime,Green,jaimegreen@example.org,17,F,Ohio,953 Tiffany Parkway Apt. 675,44107,Lakewood,United States,"41,48487204","-81,80113328",Search,23/11/2022 2.35.00
60995,Christopher,Jones,christopherjones@example.org,67,M,Ohio,95746 Cody Haven,44107,Lakewood,United States,"41,48487204","-81,80113328",Search,30/05/2021 8.38.00
63533,Rachel,Schmidt,rachelschmidt@example.com,40,F,Ohio,8014 Brown Hill,44107,Lakewood,United States,"41,48487204","-81,80113328",Search,16/10/2021 10.32.00
57867,Melanie,Bell,melaniebell@example.net,20,F,Ohio,6730 Janet Pike Suite 302,44109,Cleveland,United States,"41,44492153","-81,69762344",Search,03/07/2023 11.53.44
69522,Renee,Berry,reneeberry@example.org,32,F,Ohio,13616 Crane Center Suite 704,44109,Cleveland,United States,"41,44492153","-81,69762344",Search,09/03/2023 2.47.00
71597,Karen,Johnson,karenjohnson@example.org,68,F,Ohio,85512 Daniel Cove Apt. 412,44109,Cleveland,United States,"41,44492153","-81,69762344",Search,27/11/2022 18.32.00
75145,Colleen,Moses,colleenmoses@example.com,35,F,Ohio,60727 Julie Common,44109,Cleveland,United States,"41,44492153","-81,69762344",Search,29/06/2020 3.31.00
88993,Christopher,Williams,christopherwilliams@example.com,22,M,Ohio,2883 Maynard Junctions,44109,Cleveland,United States,"41,44492153","-81,69762344",Search,05/07/2023 11.35.42
22037,Megan,Fuller,meganfuller@example.net,66,F,Ohio,45948 Hartman Brooks,44111,Cleveland,United States,"41,45770163","-81,78813392",Organic,27/02/2020 6.22.00
14830,Laura,Spencer,lauraspencer@example.org,43,F,Ohio,762 Casey Isle,44118,Cleveland Heights,United States,"41,50199323","-81,55629612",Organic,30/06/2023 15.46.50
51147,Gregory,Wilson,gregorywilson@example.net,41,M,Ohio,37264 Mcdowell Park Apt. 624,44118,Cleveland Heights,United States,"41,50199323","-81,55629612",Search,04/07/2023 10.19.56
99932,Derek,Anderson,derekanderson@example.org,18,M,Ohio,391 Edwards Avenue,44118,Cleveland Heights,United States,"41,50199323","-81,55629612",Search,18/07/2020 2.12.00
4072,Maria,Mercado,mariamercado@example.org,20,F,Ohio,6457 Anthony Plaza,44120,Shaker Heights,United States,"41,47352101","-81,57918649",Search,30/06/2021 18.52.00
41375,Cynthia,Fisher,cynthiafisher@example.net,64,F,Ohio,792 Herrera Junctions,44120,Shaker Heights,United States,"41,47352101","-81,57918649",Search,17/07/2020 7.13.00
69973,Katie,Good,katiegood@example.com,15,F,Ohio,893 Richards Lane Apt. 747,44120,Shaker Heights,United States,"41,47352101","-81,57918649",Search,03/04/2022 11.05.00
87897,Annette,Smith,annettesmith@example.net,51,F,Ohio,5677 Fuller Throughway,44120,Shaker Heights,United States,"41,47352101","-81,57918649",Search,24/03/2021 4.10.00
30905,Carolyn,West,carolynwest@example.net,68,F,Ohio,4749 Michael Mount,44121,South Euclid,United States,"41,52657089","-81,53215525",Search,10/05/2023 12.27.00
40878,Kenneth,Henry,kennethhenry@example.net,50,M,Ohio,364 Roberto Village Suite 004,44121,South Euclid,United States,"41,52657089","-81,53215525",Organic,14/05/2022 4.53.00
1667,Monica,Smith,monicasmith@example.net,47,F,Ohio,778 Tyler Courts,44122,Beachwood,United States,"41,46763134","-81,51260307",Search,19/10/2021 16.36.00
10328,Robin,Perry,robinperry@example.net,38,F,Ohio,8665 Arnold Junctions Suite 913,44122,Beachwood,United States,"41,46763134","-81,51260307",Search,22/03/2021 6.50.00
33250,Anthony,Armstrong,anthonyarmstrong@example.org,29,M,Ohio,396 Anderson Knoll Apt. 542,44122,Beachwood,United States,"41,46763134","-81,51260307",Search,12/08/2022 16.00.00
75979,Adam,Johnson,adamjohnson@example.org,16,M,Ohio,49415 Banks Summit,44122,Beachwood,United States,"41,46763134","-81,51260307",Search,05/02/2019 8.29.00
16296,David,Berg,davidberg@example.org,69,M,Ohio,48217 Duran Garden Apt. 439,44124,Pepper Pike,United States,"41,50012273","-81,46860891",Search,22/08/2020 4.20.00
44695,Devin,Garcia,devingarcia@example.org,47,M,Ohio,354 Hopkins Burg,44124,Pepper Pike,United States,"41,50012273","-81,46860891",Organic,16/11/2020 11.27.00
80490,Brenda,Johnson,brendajohnson@example.com,13,F,Ohio,51811 Stephen Roads,44124,Pepper Pike,United States,"41,50012273","-81,46860891",Display,19/05/2020 2.46.00
2513,Amanda,Sims,amandasims@example.net,14,F,Ohio,331 Charles Crossing Apt. 682,44125,Garfield Heights,United States,"41,40604692","-81,61186601",Search,17/09/2021 4.14.00
29025,Taylor,Smith,taylorsmith@example.com,28,F,Ohio,37361 Edwards Divide,44125,Garfield Heights,United States,"41,40604692","-81,61186601",Search,13/01/2023 17.18.00
53087,Lisa,Lopez,lisalopez@example.net,24,F,Ohio,862 Mark Squares Apt. 594,44125,Garfield Heights,United States,"41,40604692","-81,61186601",Organic,29/04/2021 4.23.00
69621,Kristina,Jones,kristinajones@example.com,70,F,Ohio,5296 Hector Valleys Suite 185,44125,Garfield Heights,United States,"41,40604692","-81,61186601",Search,08/08/2022 2.40.00
12931,Ellen,Murray,ellenmurray@example.org,27,F,Ohio,20271 Christian Neck Apt. 682,44128,Warrensville Heights,United States,"41,43726474","-81,53713498",Search,10/01/2020 1.33.00
19924,Derek,Anderson,derekanderson@example.org,67,M,Ohio,488 Greene Road Apt. 388,44128,Warrensville Heights,United States,"41,43726474","-81,53713498",Search,26/08/2021 17.43.00
87385,Jessica,Rodriguez,jessicarodriguez@example.org,30,F,Ohio,434 Vanessa Vista,44128,Warrensville Heights,United States,"41,43726474","-81,53713498",Search,15/06/2019 6.30.00
89771,Jennifer,Fields,jenniferfields@example.org,65,F,Ohio,441 Guzman Ridges Apt. 983,44128,Warrensville Heights,United States,"41,43726474","-81,53713498",Search,14/03/2019 4.28.00
51751,Matthew,Cruz,matthewcruz@example.net,52,M,Ohio,912 Mason Springs Suite 684,44129,Parma,United States,"41,39074364","-81,73464045",Search,17/12/2020 13.34.00
89628,Jacqueline,Martin,jacquelinemartin@example.org,70,F,Ohio,4841 Cummings Junctions,44129,Parma,United States,"41,39074364","-81,73464045",Search,01/06/2019 7.27.00
91732,Lawrence,Patterson,lawrencepatterson@example.com,47,M,Ohio,0724 Norton Drive,44129,Parma,United States,"41,39074364","-81,73464045",Facebook,17/09/2022 15.49.00
65650,Dana,Cruz,danacruz@example.org,16,F,Ohio,685 James Corners Suite 029,44130,Middleburg Heights,United States,"41,37755448","-81,78702432",Search,08/04/2022 6.31.00
87119,Carrie,Mckinney,carriemckinney@example.org,29,F,Ohio,55631 Michael Passage,44130,Middleburg Heights,United States,"41,37755448","-81,78702432",Search,14/02/2019 14.23.00
93594,Alan,Frederick,alanfrederick@example.net,68,M,Ohio,171 Pena Fall Suite 629,44130,Middleburg Heights,United States,"41,37755448","-81,78702432",Facebook,28/09/2022 6.52.00
756,Steven,Obrien,stevenobrien@example.org,69,M,Ohio,4534 Fry View,44133,North Royalton,United States,"41,31388849","-81,74512734",Search,20/02/2020 17.06.00
3449,Sarah,Wiley,sarahwiley@example.net,61,F,Ohio,688 Sparks Lights Suite 172,44133,North Royalton,United States,"41,31388849","-81,74512734",Organic,01/11/2020 9.51.00
65815,Martha,Stanton,marthastanton@example.com,24,F,Ohio,132 Peter Rapid,44133,North Royalton,United States,"41,31388849","-81,74512734",Search,02/12/2019 0.43.00
12292,Alexander,Moore,alexandermoore@example.org,56,M,Ohio,9936 Candace Corners,44134,Parma,United States,"41,38478217","-81,70407797",Search,06/06/2019 12.45.00
59142,Christina,Kaiser,christinakaiser@example.net,29,F,Ohio,17392 Massey Gateway,44134,Parma,United States,"41,38478217","-81,70407797",Organic,05/03/2023 3.33.00
68518,Elizabeth,Day,elizabethday@example.com,29,F,Ohio,7661 Brewer Inlet,44134,Parma,United States,"41,38478217","-81,70407797",Search,24/01/2020 18.10.00
73978,Melissa,Williams,melissawilliams@example.net,48,F,Ohio,532 Stewart Rue Suite 664,44134,Parma,United States,"41,38478217","-81,70407797",Search,25/12/2021 12.56.00
84353,Lori,Greer,lorigreer@example.com,24,F,Ohio,71628 Raymond Dale,44134,Parma,United States,"41,38478217","-81,70407797",Search,29/07/2021 15.45.00
96986,Timothy,White,timothywhite@example.com,34,M,Ohio,5655 Johnson Ranch,44134,Parma,United States,"41,38478217","-81,70407797",Search,04/01/2023 7.59.00
97284,Gregory,Meza,gregorymeza@example.com,58,M,Ohio,8362 Rebecca Land,44134,Parma,United States,"41,38478217","-81,70407797",Search,14/05/2020 4.45.00
12285,Michelle,Stephens,michellestephens@example.com,43,F,Ohio,26051 Johnson Radial Suite 585,44145,Westlake,United States,"41,45242256","-81,92947229",Search,16/06/2022 9.21.00
72827,Tanner,Miles,tannermiles@example.org,17,M,Ohio,7102 James Springs Suite 492,44145,Westlake,United States,"41,45242256","-81,92947229",Search,15/09/2022 6.24.00
9873,Clifford,Walker,cliffordwalker@example.com,69,M,Ohio,12564 Gomez Squares,44146,Walton Hills,United States,"41,3816795","-81,53017544",Search,07/01/2020 17.12.00
40073,Matthew,Le,matthewle@example.com,16,M,Ohio,839 Ramirez Creek Apt. 133,44146,Walton Hills,United States,"41,3816795","-81,53017544",Facebook,31/12/2021 12.00.00
65478,Phillip,Henry,philliphenry@example.org,65,M,Ohio,7726 Michael Meadow Apt. 529,44146,Walton Hills,United States,"41,3816795","-81,53017544",Search,18/04/2019 15.35.00
93717,Kyle,Hernandez,kylehernandez@example.com,26,M,Ohio,107 Brown Junction,44146,Walton Hills,United States,"41,3816795","-81,53017544",Search,18/05/2023 7.28.00
9224,Kelli,Swanson,kelliswanson@example.org,26,F,Ohio,10938 Gregory Springs,44203,Norton,United States,"41,02025772","-81,62786218",Search,05/01/2021 8.32.00
12075,Kenneth,Jones,kennethjones@example.net,68,M,Ohio,31974 Brooks Parks Suite 460,44203,Norton,United States,"41,02025772","-81,62786218",Email,04/04/2019 18.37.00
37484,Katie,Montgomery,katiemontgomery@example.com,37,F,Ohio,818 White Rue Suite 835,44203,Norton,United States,"41,02025772","-81,62786218",Search,05/04/2023 9.56.00
55737,Lauren,Warren,laurenwarren@example.com,17,F,Ohio,6416 Wolf Pine,44203,Norton,United States,"41,02025772","-81,62786218",Organic,20/06/2019 14.09.00
55985,Lindsey,Collins,lindseycollins@example.org,29,F,Ohio,86936 Kelly Parkway Suite 578,44203,Norton,United States,"41,02025772","-81,62786218",Organic,27/11/2019 1.08.00
97062,Patrick,Jenkins,patrickjenkins@example.org,57,M,Ohio,78402 Kimberly Avenue Apt. 107,44203,Norton,United States,"41,02025772","-81,62786218",Search,22/06/2019 18.52.00
2388,Derek,Molina,derekmolina@example.net,45,M,Ohio,28680 Moore Shores Suite 535,44212,Brunswick,United States,"41,24341301","-81,82949885",Display,24/02/2019 5.17.00
5317,Joe,White,joewhite@example.org,17,M,Ohio,2575 Chad Via Suite 883,44212,Brunswick,United States,"41,24341301","-81,82949885",Organic,05/07/2021 7.09.00
14640,Todd,Pope,toddpope@example.net,68,M,Ohio,89089 Jeffrey Rapid Suite 618,44212,Brunswick,United States,"41,24341301","-81,82949885",Search,14/12/2022 18.08.00
14744,Kevin,Rodriguez,kevinrodriguez@example.net,68,M,Ohio,4487 Jacobs Lights,44212,Brunswick,United States,"41,24341301","-81,82949885",Search,12/11/2019 6.58.00
24859,Tanya,Jackson,tanyajackson@example.net,59,F,Ohio,989 Hale Plains Apt. 413,44212,Brunswick,United States,"41,24341301","-81,82949885",Display,30/01/2020 6.10.00
31758,James,Wells,jameswells@example.org,34,M,Ohio,409 Hall Squares Apt. 274,44212,Brunswick,United States,"41,24341301","-81,82949885",Search,17/10/2019 17.51.00
33990,Amanda,Rodriguez,amandarodriguez@example.com,53,F,Ohio,404 Danielle Court,44212,Brunswick,United States,"41,24341301","-81,82949885",Facebook,28/10/2022 14.00.00
76807,Natalie,Pollard,nataliepollard@example.net,62,F,Ohio,923 Davis Hollow,44212,Brunswick,United States,"41,24341301","-81,82949885",Search,24/02/2022 13.13.00
91762,John,Riley,johnriley@example.com,20,M,Ohio,52313 Christine Crossing,44212,Brunswick,United States,"41,24341301","-81,82949885",Search,22/02/2022 3.33.00
96760,Michelle,Craig,michellecraig@example.org,70,F,Ohio,52426 Benton Manors Apt. 129,44212,Brunswick,United States,"41,24341301","-81,82949885",Search,31/12/2021 8.47.00
24152,Renee,Garcia,reneegarcia@example.com,57,F,Ohio,4135 Katherine Harbors,44221,Cuyahoga Falls,United States,"41,13910826","-81,47630284",Search,27/05/2023 6.31.00
60484,Christine,Green,christinegreen@example.net,54,F,Ohio,0545 Olson Groves,44221,Cuyahoga Falls,United States,"41,13910826","-81,47630284",Search,25/12/2022 16.22.00
7195,Brenda,Patel,brendapatel@example.com,48,F,Ohio,774 Camacho Loop Suite 600,44224,Stow,United States,"41,17735435","-81,44195438",Search,23/03/2021 10.55.00
10010,Carl,Robles,carlrobles@example.net,67,M,Ohio,484 Ward Mall Apt. 531,44224,Stow,United States,"41,17735435","-81,44195438",Search,05/04/2021 8.58.00